CustomerCode,CustomerName,KITITEM,OEM,ItemDescription,Producttype,ItemCode,"04-01-2021 00:00","05-01-2021 00:00","06-01-2021 00:00","07-01-2021 00:00","08-01-2021 00:00","09-01-2021 00:00","10-01-2021 00:00","11-01-2021 00:00","12-01-2021 00:00","01-01-2022 00:00","02-01-2022 00:00","03-01-2022 00:00","04-01-2022 00:00","05-01-2022 00:00","06-01-2022 00:00","07-01-2022 00:00","08-01-2022 00:00","09-01-2022 00:00","10-01-2022 00:00","11-01-2022 00:00","12-01-2022 00:00","01-01-2023 00:00","02-01-2023 00:00","03-01-2023 00:00","04-01-2023 00:00","05-01-2023 00:00","06-01-2023 00:00","07-01-2023 00:00","08-01-2023 00:00","09-01-2023 00:00","10-01-2023 00:00","11-01-2023 00:00","12-01-2023 00:00",Total,Total_Scaled,Total_Transformed
10003033,Customer_1,KIT0000896,manufacturer_1,"Standard FLC (AMC)",Housings,A020000001,80,50,0,40,40,50,35,60,60,60,60,25,40,35,40,35,0,130,0,120,35,45,40,30,50,50,70,30,80,75,70,40,65,1640,0.05876263024846496,12.848582835139863
10003033,Customer_1,KIT0000897,manufacturer_1,"Standard FSC (AMC)",Housings,A020000001,0,50,0,40,60,40,45,50,45,45,35,25,40,25,40,47,0,70,0,150,55,70,70,30,70,60,0,40,40,75,65,40,65,1487,-0.023757685029000015,12.579736038575424
10002815,Customer_2,KIT0000613,manufacturer_2,"F2417411,F2417511,F2417611,F2417611","Engine Parts",A020000001,0,0,0,0,0,0,0,9,5,0,18,20,10,11,0,21,0,6,6,10,22,15,12,37,5,3,0,8,3,12,4,11,6,254,-0.6887743434415119,8.305754685615003
10002815,Customer_2,KIT0000634,manufacturer_2,"SF1655611,16106411T2,F1609511 & 1609511T2",Transmission,A020000001,50,0,0,0,0,0,0,22,12,30,0,35,18,23,31,0,0,8,29,25,31,14,25,22,17,0,0,0,14,31,7,7,4,455,-0.5803653018024892,9.60133941208404
10002815,Customer_2,KIT0000638,manufacturer_2,"SF1655711,1610511T2,SF1600510T2 & SF1609611T2",Transmission,A020000001,0,0,0,0,0,0,20,48,20,30,0,41,24,0,66,0,5,26,16,35,100,20,0,0,17,0,0,7,8,43,8,12,15,561,-0.5231943644207162,10.093107901647418
10002815,Customer_2,KIT0000642,manufacturer_2,"SF1608111T2,3312711T2,SF1608411T2 & SF1607311T2",Transmission,A020000001,60,50,0,0,0,0,80,75,53,90,71,65,106,42,37,112,65,118,80,78,140,145,42,63,53,67,35,67,97,57,54,83,33,2118,0.3165711969323098,13.568090183144458
10002815,Customer_2,KIT0000645,manufacturer_2,"SF1614211T2,SF1607611T2 & SF1617511T2",Transmission,A020000001,110,22,0,0,0,0,50,10,35,80,20,55,59,84,84,16,77,123,44,40,134,147,30,61,69,67,0,37,77,34,32,85,40,1722,0.10298920444945926,12.98388008457914
10002815,Customer_2,KIT0000646,manufacturer_2,"SF1608011T2 & SF1613111T3",Transmission,A020000001,20,0,0,0,0,0,10,5,2,0,0,13,0,15,0,0,0,7,0,17,5,4,6,7,0,0,0,0,3,0,0,0,1,115,-0.7637437801968558,6.707234635159272
10002815,Customer_2,KIT0000647,manufacturer_2,"3311611,SF3347011, SFKY00411,001,010,116,005,097,133,442,470,492,094,113,114,012,010,013,016,013,075",Transmission,A020000001,27,30,0,0,0,0,25,25,25,50,0,30,80,33,34,0,20,35,23,35,111,25,35,36,28,29,17,19,21,4,16,22,7,842,-0.37163744551243083,11.088339066282488
10002815,Customer_2,KIT0000725,manufacturer_2,-,-,A020000001,0,0,0,0,0,0,0,0,0,1,0,0,2,0,16,0,0,0,0,0,8,0,0,0,0,0,0,0,0,0,0,0,0,27,-0.8112064451930449,4.2260913506855085
10002815,Customer_2,KIT0000735,manufacturer_2,-,-,A020000001,0,0,0,0,0,0,0,47,0,0,20,21,3,21,0,36,0,0,0,5,9,0,0,0,0,0,0,0,0,0,0,0,0,162,-0.738394402301164,7.376395687015144
10002815,Customer_2,KIT0000737,manufacturer_2,SHAFT(SF3312711),Crankshaft,A020000001,17,10,0,0,0,0,26,4,8,9,30,37,9,10,21,14,13,26,30,48,18,29,4,17,10,12,13,10,9,4,6,15,0,459,-0.5782079079390261,9.621607021830677
10002815,Customer_2,KIT0000738,manufacturer_2,SHAFT(SF3321211&SFKY01711),Crankshaft,A020000001,0,0,0,0,0,0,0,0,0,0,0,0,0,0,64,11,8,4,18,42,60,33,39,41,13,27,11,2,2,0,12,16,6,409,-0.6051753312323154,9.356514985219146
10002815,Customer_2,KIT0000741,manufacturer_2,LEVER(B1719101&B1719102),"Gear Shift Lever",A020000001,0,0,0,0,0,0,10,0,0,0,0,6,8,0,0,0,3,16,3,10,6,31,7,0,0,7,2,7,3,2,0,10,3,134,-0.753496159345406,7.00176751443472
10002815,Customer_2,KIT0000792,manufacturer_2,-,-,A020000001,0,0,0,0,0,0,0,0,0,0,0,0,0,21,0,0,0,0,0,8,0,0,0,0,0,0,0,0,0,0,0,0,0,29,-0.8101277482613133,4.335664821759303
10002815,Customer_2,KIT0000813,manufacturer_2,"GEAR(SFG300111 & SF1612511)",Transmission,A020000001,0,0,0,0,0,0,0,0,0,0,0,0,0,0,6,0,0,0,0,2,9,5,1,3,0,2,0,1,0,0,1,0,0,30,-0.8095883997954475,4.38810640870928
10002815,Customer_2,KIT0000815,manufacturer_2,"GEAR(SF1623411,SF1669011 & SF1614711)",Transmission,A020000001,0,0,0,0,0,0,0,0,0,0,0,0,0,0,0,0,0,0,5,0,0,10,0,0,0,0,0,0,0,0,0,0,0,15,-0.8176786267834343,3.3746765846396505
10002755,Customer_3,KIT0000285,manufacturer_3,"CLUTCH COVER ASSLY","Gears / Transmission",A020000001,100,77.5,73.75,75,121.25,100,125,115,137.5,73,125,114,156,162.5,198.75,145,210,210,166,162,166,150,170,177,90,180,129,135,85,45,60,30,30,5044,1.8947048080555942,16.206843228979412
10002755,Customer_3,KIT0000286,manufacturer_3,"CLUTCH DISC ASSLY","Gears / Transmission",A020000001,90,77.5,73.75,75,121.25,100,125,10,90,117,100,60,177.5,162.5,198.75,200,240,243,141,154,141,95,151,225,135,150,107,115,85,45,60,30,30,4530,1.617479696600581,15.862650564713803
10002755,Customer_3,KIT0000949,manufacturer_4,"TATA Intra 1300",Clutches,A110000154,0,5,10,0,15,18,9,12,13,8,9,7,7,5,12,15,10,5,12,10,8,10,10,23,9,15,0,12,2,4,0,0,0,275,-0.6774480256583304,8.476129687695535
10002755,Customer_3,KIT0001052,manufacturer_5,"Clutch Set - P405","Gears / Transmission",A110000154,0,0,0,0,0,0,1,4,6,0,3,6,5,0,7,0,0,9,5,0,0,0,0,0,0,2,0,0,0,0,0,0,0,48,-0.7998801274098635,5.145555645919888
10002755,Customer_3,KIT0001053,manufacturer_5,"Clutch Set - LTV","Gears / Transmission",A110000154,0,0,0,0,0,0,1,4,11,5,8,4,15,12,3,10,0,9,0,5,2,0,10,7,9,10,3,7,4,4,2,0,0,145,-0.7475633262208824,7.156288597076684
10002755,Customer_3,KIT0001054,manufacturer_6,"Clutch Set - P602","Gears / Transmission",A110000154,0,0,0,0,0,0,1,4,3,3,6,4,0,0,8,5,5,13,7,10,3,5,0,9,4,2,2,5,5,9,8,6,9,136,-0.7524174624136745,7.0306508891685935
10006487,Customer_4,KIT0000937,manufacturer_7,"Steering Gear Box Mounting Bkt (3305)","Steering Mont. Brackets",A020000001,111.25,50,0,75,121.25,100,125,0,50,132.5,0,150,177.5,100,100,0,0,50,0,50,120,77,100,150,130,160,130,242.5,100,50,100,150,100,3499,1.0614114282929576,15.056146111566486
10006487,Customer_4,KIT0000938,manufacturer_7,"Steering Gear Box Mounting Bkt (3303)","Steering Mont. Brackets",A020000001,96,50,0,75,0,25,27,115,50,0,147.5,157,50,162.5,185,100,243.75,215,197.5,176,135,190,225,150,130,110,160,0,104,200,150,150,0,4042,1.3542776452580785,15.50314516999398
10006487,Customer_4,KIT0000939,manufacturer_7,"ARB Bracket (5104)",Brackets,A020000001,0,0,0,0,0,0,5,0,5,0,6,0,5,7,0,5,0,0,0,2,5,3,5,2,3,4,0,5,4,3,3,0,3,75,-0.7853177188314873,5.917835307561884
10006487,Customer_4,KIT0001016,manufacturer_7,"Steering Gear Box Mounting Bkt (3301)","Steering Mont. Brackets",A020000001,0,0,0,8,0,0,0,0,0,0,0,0,0,0,0,0,0,0,0,0,0,0,5,0,0,0,0,0,1,0,0,0,0,14,-0.8182179752493001,3.2806301717236606
10006487,Customer_4,KIT0001038,manufacturer_8,"Water Pump Housing - 6850",Housings,A020000001,0,0,0,0,25,0,0,0,30,10,26,33,33,25,30,60,59,35,0,0,40,0,20,25,15,15,20,0,33,15,10,50,0,609,-0.4973056380591585,10.28982900969106
10006487,Customer_4,KIT0001039,manufacturer_8,"Water Pump Housing - 6700",Housings,A020000001,0,0,0,0,0,0,0,0,55,65,76,35,65,45,52,65,84,120,120,150,120,143,137,73,80,63,190,88,154,95,174,106,90,2445,0.49293814527042124,13.98322032114909
10003034,Customer_5,KIT0000894,manufacturer_1,"Standard FLC (ACE)",Housings,A020000001,0,70,73.75,75,60,40,50,70,120,50,50,80,60,60,60,0,140,90,70,140,90,90,90,45,70,40,85,75,90,110,102,65,85,2475,0.5091185992463947,14.018861854094704
10003034,Customer_5,KIT0000895,manufacturer_1,"Standard FSC (ACE)",Housings,A020000001,0,20,73.75,28,60,40,50,30,50,50,50,30,40,40,40,0,80,40,40,80,50,40,50,25,50,20,45,55,50,85,89,75,85,1627,0.05175110019220977,12.826600043672212
10009307,Customer_6,KIT0001157,manufacturer_9,-,-,A020000001,0,0,0,0,0,0,0,0,0,0,0,0,0,0,0,0,0,0,0,0,0,0,0,0,0,0,0,0,45,20,0,0,0,65,-0.7907112034901451,5.664506543646004
10009307,Customer_6,KIT0001158,manufacturer_9,"120 KW-Stator Housing-EV6-114-0843",0,A020000001,0,0,0,0,0,0,0,0,0,0,0,0,0,0,0,0,0,0,0,0,0,0,0,0,0,0,0,0,0,110,20,0,0,130,-0.7556535532088692,6.9428758038226865
10008924,Customer_7,KIT0001134,manufacturer_9,"60KW - Base Board","Dashboard Controls",A020000001,0,0,0,0,0,0,0,0,0,0,0,0,0,0,0,0,0,0,0,0,0,0,0,0,0,18,20,16,17,17,1,0,0,89,-0.7777668403093663,6.227979042231941
10008924,Customer_7,KIT0001135,manufacturer_9,"60KW - Inverter Cover - 0395",Covers,A020000001,0,0,0,0,0,0,0,0,0,0,0,0,0,0,0,0,0,0,0,0,0,0,0,0,0,25,53,39,44,47,0,0,0,208,-0.7135843728713379,7.885571971550031
10008924,Customer_7,KIT0001136,manufacturer_9,"60KW - Inverter Housing - 0511",Covers,A020000001,0,0,0,0,0,0,0,0,0,0,0,0,0,0,0,0,0,0,0,0,0,0,0,0,0,78,79,80,98,116,10,0,0,461,-0.5771292110072945,9.631683876924475
10008924,Customer_7,KIT0001137,manufacturer_9,"60KW - Motor Back Cover - 1062","Engine Parts",A020000001,0,0,0,0,0,0,0,0,0,0,0,0,0,0,0,0,0,0,0,0,0,0,0,0,0,41,79,48,72,79,5,0,0,324,-0.651019950830907,8.833884371235563
10008924,Customer_7,KIT0001151,manufacturer_9,"120 KW-Inverter Housing-AEL 0578",Covers,A020000001,0,0,0,0,0,0,0,0,0,0,0,0,0,0,0,0,0,0,0,0,0,0,0,0,0,0,0,0,20,79,10,0,0,109,-0.7669798709920506,6.605551248049367
10008924,Customer_7,KIT0001152,manufacturer_9,"120 KW-Inverter Cover-AEL 0467",Covers,A020000001,0,0,0,0,0,0,0,0,0,0,0,0,0,0,0,0,0,0,0,0,0,0,0,0,0,0,0,0,20,22,0,0,0,42,-0.8031162182050582,4.924575289102807
10008924,Customer_7,KIT0001153,manufacturer_9,"120KW-End Cover- AEL 1144",Covers,A020000001,0,0,0,0,0,0,0,0,0,0,0,0,0,0,0,0,0,0,0,0,0,0,0,0,0,0,0,0,21,19,0,0,0,40,-0.8041949151367898,4.844980825422177
10002736,Customer_8,KIT0000219,manufacturer_10,Alternator,0,A020000001,23,0,12,26,40,34,36,18,14,4,30,8,10,25,32,17,35,26,39,10,16,25,35,15,14,0,0,25,28,15,0,20,0,632,-0.4849006233442455,10.379396079701902
10006868,Customer_9,KIT0001061,manufacturer_11,"Outer tube / Cylinder Tube / Dust Tube-70 variants (ZF)",0,A110000154,0,0,0,0,0,0,0,0,0,0,0,45,45,15,30,15,0,0,0,0,0,53,92,72,72,72,122,170,183,210,201.25,144,123,1709,0.09597767439320407,12.962806191158005
10008804,Customer_10,KIT0000933,manufacturer_12,"Cylinder Head",0,A020000001,111.25,77.5,73.75,50,50,100,40,0,80,53,46,109,84,124,96,112,81,188,50,51,80,70,90,130,80,80,100,50,80,50,40,50,50,580,-0.5129467435692663,10.172648073576404
10002786,Customer_11,KIT0000627,manufacturer_13,"Liner (ST100, SA100, SR100, I 100, I 102, I 105)",0,A020000001,111.25,77.5,73.75,75,121.25,100,125,115,137.5,132.5,147.5,140,177.5,162.5,198.75,200,240,292.5,197.5,205,250,225,225,204,200,192.5,206.25,242.5,212.5,175,201.25,35,0,5311,2.0387108484417586,16.373844680517728
10002786,Customer_11,KIT0001066,manufacturer_14,"Liner E-98/91/95/101",0,A020000001,0,0,0,0,0,0,0,0,0,0,0,63,100,138,167,138,120,167,121,189,140,115,106,96,106,150,103,60,99,192,154,25,60,2609,0.5813912936724098,14.17364991921968
10002719,Customer_12,KIT0000580,manufacturer_15,"EGR COOLER - 3L","Engine Parts",A020000001,0,0,0,0,0,0,0,2,0,0,0,0,0,0,6,0,0,0,0,0,0,0,0,2,2,0,0,4,0,0,0,0,0,16,-0.8171392783175685,3.4637824930110908
10002719,Customer_12,KIT0000581,manufacturer_15,"EGR COOLER - 5L","Exhaust Manifolds",A020000001,10,16,8,0,0,12,34,24,21,12,14,22,4,18,24,24,27,7,15,9,0,9,16,12,9,6,19,12,17,6,0,6,6,419,-0.5997818465736575,9.41168351792057
10002719,Customer_12,KIT0000862,manufacturer_2,"Brogwarner H4H6","Exhaust Manifolds",A020000001,0,0,0,0,0,0,1,1,7,2,10,4,14,16,8,8,18,7,10,4,18,10,4,0,3,8,9,9,10,8,9,7,9,214,-0.7103482820761433,7.944657312994973
10002719,Customer_12,KIT0000928,manufacturer_16,"EGR Module BS6",0,A020000001,13,0,0,3,10,7,4,6,9,9,11,13,25,26,27,29,27,0,10,20,27,36,30,26,29,22,23,16,22,35,33,30,24,602,-0.501081077320219,10.261991198920928
10006366,Customer_13,KIT0000365,manufacturer_17,"OIL BRAKE ASSLY - LH + TOOLS OF LH & RH",Brakes,A020000001,103,60,73.75,75,110,100,125,115,100,90,112,151,100,113,117,120,177,134,115,117,159,94,105,188,88,93,88,93,93,71,40,95,45,3579,1.1045593055622205,15.125606702073215
10006366,Customer_13,KIT0000366,manufacturer_17,"OIL BRAKE ASSLY - RH",Brakes,A020000001,103,60,73.75,75,115,100,125,115,110,80,107,152,100,113,117,120,177,137,115,117,158,95,105,168,99,92,88,97,97,73,37,100,45,3580,1.105098654028086,15.12646645178677
10006366,Customer_13,KIT0001042,manufacturer_18,"DHRUV ASSLY (29032974-IBCH)",Brakes,A020000001,0,0,0,0,25,83,93,76,60,57,42,69,80,79,98,120,121,135,114,92,108,90,110,174,92,113,85,121,95,124,82,95,59,2692,0.6261572163392699,14.26612110262393
10002765,Customer_14,KIT0000370,manufacturer_19,-,-,A020000001,111.25,77.5,73.75,75,121.25,100,125,115,137.5,132.5,147.5,171.25,177.5,162.5,198.75,200,243.75,292.5,197.5,272.5,250,225,225,225,200,192.5,206.25,242.5,212.5,210,201.25,200,128.75,5311,2.0387108484417586,16.373844680517728
10002765,Customer_14,KIT0000445,manufacturer_19,-,-,A020000001,111.25,77.5,73.75,75,121.25,100,125,115,137.5,132.5,147.5,171.25,177.5,162.5,198.75,200,243.75,292.5,197.5,272.5,250,225,225,225,200,192.5,206.25,242.5,212.5,210,201.25,200,128.75,5311,2.0387108484417586,16.373844680517728
10002740,Customer_15,KIT0000609,manufacturer_20,Caliper,Brakes,A020000001,20,13,10,20,0,30,35,18,40,37,64,42,53,49,63,34,48,65,64,47,62,33,59,35,45,53,69,81,128,152,128,118,128.75,1851,0.17256515654614543,13.185882842448994
10002740,Customer_15,KIT0000905,manufacturer_21,CALIPER,Brakes,A020000001,111,77.5,73.75,75,73,100,125,111,137.5,132.5,147.5,171.25,177.5,162.5,198.75,200,238,292.5,197.5,225,250,151,225,197,200,192.5,206.25,242.5,212.5,210,143,176,128.75,5311,2.0387108484417586,16.373844680517728
10002740,Customer_15,KIT0000968,manufacturer_22,"Caliper YRA14 Grp2",Brakes,A020000001,111.25,77.5,73.75,75,121.25,100,125,115,137.5,132.5,147.5,171.25,177.5,162.5,198.75,200,243.75,292.5,197.5,272.5,250,225,225,225,200,192.5,206.25,242.5,212.5,210,201.25,200,128.75,5311,2.0387108484417586,16.373844680517728
10007070,Customer_16,KIT0000468,manufacturer_23,"Oil Sump - A4004631501","Oil Tank Assembly",A020000001,0,0,0,0,0,0,72,115,137.5,132.5,147.5,171.25,72,142,198.75,152,122,292.5,197.5,272.5,162,224,225,225,200,192.5,206.25,242.5,212.5,210,201.25,200,128.75,5311,2.0387108484417586,16.373844680517728
10009470,Customer_17,KIT0000524,manufacturer_2,"Cylinder Head","Engine Parts",A020000001,60,20,25,35,40,80,85,10,80,60,55,70,70,40,35,15,34,40,50,15,20,35,110,65,69,30,25,15,36,55,8,20,40,60,-0.793407945819474,5.525165288285007
10009470,Customer_17,KIT0000563,manufacturer_23,"Charger Pipe - D137",Engine,A020000001,22,39,21,32,23,42,37,17,28,36,30,39,10,10,35,35,32,37,25,54,60,50,37,61,35,30,32,50,50,77,34,46,49,129,-0.756192901674735,6.927910746862719
10009470,Customer_17,KIT0000564,manufacturer_23,"PTO Housing - G131","Engine Parts",A020000001,10,6,1,13,9,13,7,3,8,14,16,14,9,6,7,3,12,8,14,19,10,11,9,14,10,13,10,20,14,17,10,8,8,23,-0.813363839056508,3.9849923754611263
10009470,Customer_17,KIT0000565,manufacturer_23,Dekel,"Engine Parts",A020000001,12,6,0,11,15,10,18,4,15,10,12,19,9,6,6,14,10,15,8,21,10,15,13,13,13,15,9,16,8,23,8,13,19,35,-0.8068916574661186,4.630274651714056
10009470,Customer_17,KIT0000566,manufacturer_23,"PTO Housing - G85","Engine Parts",A020000001,1,5,6,9,0,8,2,2,2,6,0,4,2,3,0,4,4,1,0,6,5,0,0,6,1,2,6,4,4,11,2,0,6,7,-0.8219934145103606,2.406942467200952
10009470,Customer_17,KIT0000569,manufacturer_23,"Charger Pipe - D037",Engine,A020000001,15,11,2,33,14,17,31,13,17,15,21,29,12,10,10,15,14,14,10,27,11,17,13,19,15,22,17,22,20,23,20,16,14,41,-0.803655566670924,4.885186777329609
10009470,Customer_17,KIT0000877,manufacturer_2,"DUCT INLET MANIFOLD","Engine Parts",A020000001,4,2,0,0,0,0,2,0,0,0,3,5,0,0,0,0,0,0,0,14,5,7,0,0,0,0,4,8,0,0,0,16,0,16,-0.8171392783175685,3.4637824930110908
10009470,Customer_17,KIT0000994,manufacturer_24,"Mixing chamber TATA 2.2L D-3 68974010","Engine Parts",A070000011,100,40,0,0,121.25,100,125,115,137.5,132.5,147.5,171.25,177.5,162.5,198.75,200,243.75,120,197.5,60,160,225,225,200,160,160,140,160,40,0,100,80,120,280,-0.6747512833290015,8.515040993925329
10009470,Customer_17,KIT0000995,manufacturer_24,"Mixing chamber TATA 1.5L D-3 62530020","Engine Parts",A070000011,111.25,77.5,60,75,121.25,100,125,115,137.5,132.5,147.5,171.25,177.5,140,198.75,200,243.75,292.5,197.5,272.5,250,225,225,225,200,192.5,206.25,242.5,212.5,210,201.25,200,128.75,1780,0.13427141546967475,13.07626282943227
10009470,Customer_17,KIT0000996,manufacturer_24,"Sealing Plate 700cc","Engine Parts",A070000011,30,20,50,0,121.25,40,50,20,70,120,60,60,80,40,0,50,70,40,50,60,10,80,40,50,10,0,30,0,0,10,0,40,0,40,-0.8041949151367898,4.844980825422177
10009470,Customer_17,KIT0001012,manufacturer_24,"Valve Housing-VECV E494","Engine Parts",A070000011,60,77.5,20,0,0,20,120,40,20,60,80,0,0,0,0,0,0,0,0,0,0,0,40,0,0,0,80,0,0,20,0,200,40,240,-0.6963252219636329,8.18531508814872
10009470,Customer_17,KIT0001158,manufacturer_9,"120 KW-Stator Housing-EV6-114-0843",0,A020000001,0,0,0,0,0,0,0,0,0,0,0,0,0,0,0,0,0,0,0,0,0,0,0,0,0,0,0,0,0,0,117,183,128.75,415,-0.6019392404371207,9.389753507617549
10009469,Customer_18,KIT0000975,manufacturer_24,"Mixing Chamber 700CC","Engine Parts",A070000004,111.25,77.5,73.75,75,121.25,0,0,115,137.5,132.5,147.5,171.25,177.5,162.5,198.75,200,243.75,292.5,197.5,272.5,250,200,0,225,200,192.5,206.25,242.5,212.5,210,201.25,200,128.75,1500,-0.01674615497274482,12.603484135614108
10009469,Customer_18,KIT0000976,manufacturer_24,"Valve Housing (1.5/2.2L,DV6,700CC)",Housings,A070000004,111.25,77.5,73.75,75,121.25,100,125,115,137.5,132.5,147.5,171.25,177.5,162.5,198.75,200,243.75,275,197.5,272.5,250,200,0,225,200,192.5,206.25,242.5,212.5,150,201.25,200,128.75,700,-0.44822492766537214,10.628696804891181
10009469,Customer_18,KIT0000977,manufacturer_24,"Valve Housing 800CC - (5.50 -20)",Housings,A070000004,25,77.5,25,75,121.25,0,100,0,75,132.5,147.5,25,0,162.5,198.75,200,243.75,150,125,175,100,75,0,200,125,25,25,0,0,25,200,0,100,300,-0.6639643140116859,8.66494594485064
10009469,Customer_18,KIT0000978,manufacturer_24,"FCA Housing - (9.17 - 12)",Housings,A070000011,111.25,77.5,73.75,75,121.25,100,125,115,137.5,132.5,147.5,160,177.5,162.5,198.75,200,243.75,292.5,197.5,272.5,250,225,220,225,200,192.5,206.25,242.5,212.5,210,201.25,200,128.75,1000,-0.2864203879056369,11.527010993415988
10009469,Customer_18,KIT0001107,manufacturer_24,"Cover Coperchio - 88678","Engine Parts",A070000004,0,0,0,0,0,0,0,0,0,0,0,0,0,0,0,0,0,0,197.5,260,240,225,225,225,200,192.5,206.25,240,212.5,210,201.25,200,128.75,820,-0.38350311176147805,11.02172778366969
10009469,Customer_18,KIT0001108,manufacturer_24,"G15 - Cover","Engine Parts",A070000011,0,0,0,0,0,0,0,0,0,0,0,0,0,0,0,0,0,0,75,30,60,75,45,45,75,45,105,75,120,60,105,75,75,210,-0.7125056759396063,7.9054278354601974
10009469,Customer_18,KIT0001134,manufacturer_9,"60KW - Base Board","Dashboard Controls",A020000001,0,0,0,0,0,0,0,0,0,0,0,0,0,0,0,0,0,0,0,0,0,0,0,0,15,8,0,6,0,0,14,12,0,22,-0.8139031875223738,3.9193217723322573
10009469,Customer_18,KIT0001135,manufacturer_9,"60KW - Inverter Cover - 0395",Covers,A020000001,0,0,0,0,0,0,0,0,0,0,0,0,0,0,0,0,0,0,0,0,0,0,0,0,62,5,0,10,0,0,20,32,0,44,-0.8020375212733266,5.001037980747208
10009469,Customer_18,KIT0001136,manufacturer_9,"60KW - Inverter Housing - 0511",Covers,A020000001,0,0,0,0,0,0,0,0,0,0,0,0,0,0,0,0,0,0,0,0,0,0,0,0,74,27,0,20,0,0,63,89,20,121,-0.7605076894016611,6.804478144473714
10009469,Customer_18,KIT0001137,manufacturer_9,"60KW - Motor Back Cover - 1062","Engine Parts",A020000001,0,0,0,0,0,0,0,0,0,0,0,0,0,0,0,0,0,0,0,0,0,0,0,0,86,20,0,20,0,0,27,59,6,77,-0.7842390218997557,5.965016048624922
10009469,Customer_18,KIT0001151,manufacturer_9,"120 KW-Inverter Housing-AEL 0578",Covers,A020000001,0,0,0,0,0,0,0,0,0,0,0,0,0,0,0,0,0,0,0,0,0,0,0,0,0,0,0,0,0,0,66,158,75,299,-0.6645036624775517,8.65765784416385
10009469,Customer_18,KIT0001152,manufacturer_9,"120 KW-Inverter Cover-AEL 0467",Covers,A020000001,0,0,0,0,0,0,0,0,0,0,0,0,0,0,0,0,0,0,0,0,0,0,0,0,0,0,0,0,0,0,23,21,16,60,-0.793407945819474,5.525165288285007
10009469,Customer_18,KIT0001153,manufacturer_9,"120KW-End Cover- AEL 1144",Covers,A020000001,0,0,0,0,0,0,0,0,0,0,0,0,0,0,0,0,0,0,0,0,0,0,0,0,0,0,0,0,0,0,31,37,37,105,-0.7691372648555137,6.535070459801534
10002730,Customer_19,KIT0000199,manufacturer_4,-,-,A020000001,111.25,77.5,73.75,75,121.25,100,125,115,137.5,132.5,147.5,171.25,70,70,0,0,50,292.5,197.5,180,250,190,70,190,125,0,0,0,0,0,0,0,0,5311,2.0387108484417586,16.373844680517728
10002842,Customer_20,KIT0000783,manufacturer_2,"FUEL PUMP IMV - PALLETIZED LOAD",0,A070000005,60,0,60,0,90,45,0,30,0,15,0,0,0,0,0,0,0,0,0,0,0,0,0,0,0,0,0,0,0,0,0,0,0,300,-0.6639643140116859,8.66494594485064
10002842,Customer_20,KIT0001018,manufacturer_15,"3 Cylinder Injector - 28663115/ 4 Cylinder Injector - 28613380/4SP Injector- 28644132",0,A070000001,0,77.5,0,0,121.25,100,125,115,137.5,132.5,147.5,171.25,177.5,162.5,198.75,200,243.75,292.5,197.5,270,250,225,225,225,0,0,0,0,0,0,0,0,0,5311,2.0387108484417586,16.373844680517728
10002842,Customer_20,KIT0001019,manufacturer_15,"JCB common rail -  9199121/Common Rail 5 litre  -  9199121.",0,A070000003,0,0,0,75,121.25,100,125,115,137.5,132.5,40,0,0,0,0,0,0,0,0,0,0,0,0,0,0,0,0,0,0,0,0,0,0,2240,0.38237170976793544,13.729044254088732
10002842,Customer_20,KIT0001020,manufacturer_15,"Injector 5 litre  - 28631798",0,A070000001,0,77.5,73.75,0,60,100,0,115,137.5,60,0,171.25,120,60,180,200,200,220,120,140,40,0,120,40,200,180,180,140,0,0,0,0,0,3900,1.2776901631051372,15.391504086995345
10002842,Customer_20,KIT0001021,manufacturer_25,"3 Cylinder common rail Assembly - 17Sk137",0,A070000001,0,0,0,0,0,0,0,0,0,80,0,0,0,0,40,20,20,60,20,0,60,20,20,40,20,40,20,20,0,0,0,0,0,480,-0.5668815901558447,9.725582323536702
10002842,Customer_20,KIT0001022,manufacturer_25,"4 Cylinder common rail Assembly - 9199123",0,A070000001,0,0,0,0,0,0,0,115,0,60,147.5,171.25,140,162.5,198.75,140,120,200,197.5,220,180,180,180,225,40,192.5,140,140,0,0,0,0,0,3680,1.1590335006146646,15.211413300479602
10002842,Customer_20,KIT0001029,manufacturer_25,"Fuel pump - 9199-161",0,A070000005,111.25,0,0,0,0,0,45,105,60,132.5,120,120,120,135,198.75,75,150,150,15,120,165,75,195,0,0,0,0,0,0,0,0,0,0,2160,0.3392238324986727,13.624382507395397
10002842,Customer_20,KIT0001031,manufacturer_26,"JCB Injector  - 28650351",0,A070000001,0,77.5,73.75,75,90,100,125,115,137.5,132.5,147.5,160,177.5,162.5,180,200,100,280,197.5,230,220,50,225,225,200,192.5,206.25,200,110,210,200,170,128.75,5311,2.0387108484417586,16.373844680517728
10002842,Customer_20,KIT0001065,manufacturer_26,"JCB common rail -  9199121/Common Rail 5 litre  -  9199121.",0,A070000003,0,0,0,0,0,0,0,0,0,0,147.5,171.25,177.5,162.5,180,200,180,292.5,197.5,272.5,100,225,225,225,200,192.5,206.25,242.5,212.5,150,201.25,200,128.75,5311,2.0387108484417586,16.373844680517728
10002842,Customer_20,KIT0001112,manufacturer_25,"Fuel pump - 9199-161",0,A070000005,0,0,0,0,0,0,0,0,0,0,0,0,0,0,0,0,0,0,0,0,0,0,0,225,90,192.5,105,195,75,120,90,200,75,1590,0.03179520695517575,12.763194252358423
10002842,Customer_20,KIT0001121,manufacturer_4,"TML 1.5 Injector",0,A070000001,0,0,0,0,0,0,0,0,0,0,0,0,0,0,0,0,0,0,0,0,0,0,0,0,40,20,0,0,0,20,40,200,128.75,1880,0.18820626205625315,13.229616904428061
10002842,Customer_20,KIT0001139,manufacturer_25,"VECV 4 Cylinder Injector - 28613380",0,A070000001,0,0,0,0,0,0,0,0,0,0,0,0,0,0,0,0,0,0,0,0,0,0,0,120,200,192.5,206.25,242.5,120,210,150,200,90,2580,0.565750188162302,14.140742163335705
10002842,Customer_20,KIT0001145,manufacturer_4,-,-,A070000001,0,0,0,0,0,0,0,0,0,0,0,0,0,0,0,0,0,0,0,0,0,0,0,0,0,0,0,220,212.5,100,0,100,100,740,-0.4266509890307408,10.765752676337915
10002842,Customer_20,KIT0001146,manufacturer_25,"3 Cylinder common rail Assembly - 17Sk137",0,A070000001,0,0,0,0,0,0,0,0,0,0,0,0,0,0,0,0,0,0,0,0,0,0,0,0,0,0,0,0,0,40,0,0,0,40,-0.8041949151367898,4.844980825422177
10002842,Customer_20,KIT0001147,manufacturer_25,"4 Cylinder common rail Assembly - 9199123",0,A070000001,0,0,0,0,0,0,0,0,0,0,0,0,0,0,0,0,0,0,0,0,0,0,0,0,0,0,0,20,60,60,40,80,40,300,-0.6639643140116859,8.66494594485064
10002843,Customer_21,KIT0001046,manufacturer_27,"PISTON - PALLETIZED LOAD","Engine Parts",A070000005,0,0,0,0,0,0,125,115,137.5,132.5,100,0,177.5,162.5,198.75,200,243.75,292.5,197.5,200,200,225,225,225,200,192.5,206.25,242.5,212.5,210,201.25,200,128.75,5311,2.0387108484417586,16.373844680517728
10002690,Customer_22,KIT0000024,manufacturer_28,G01504,Suspension,A020000001,50,20,20,25,10,40,25,40,20,25,40,55,30,10,15,0,0,10,20,25,15,15,20,10,0,0,0,0,0,0,0,0,0,540,-0.5345206822038976,10.002449665209687
10002690,Customer_22,KIT0000029,manufacturer_28,G01624,Suspension,A020000001,50,0,20,10,15,40,34,35,30,15,20,55,10,0,15,0,0,10,10,0,25,15,30,10,10,0,0,0,0,0,0,10,0,469,-0.5728144232803682,9.671618699379719
10002690,Customer_22,KIT0000030,manufacturer_28,G01383,Suspension,A020000001,3,0,0,0,0,0,3,5,5,0,10,15,5,5,0,0,0,5,0,0,0,0,5,0,0,0,0,0,0,0,5,0,0,66,-0.7901718550242793,5.691276187922605
10002690,Customer_22,KIT0000032,manufacturer_23,G01610,Suspension,A020000001,3,0,0,0,0,0,0,10,5,2,0,10,10,5,0,0,0,5,0,0,0,0,5,0,0,0,0,0,0,0,1,0,0,56,-0.7955653396829372,5.4064084395071035
10002690,Customer_22,KIT0000417,manufacturer_28,"Shock Absorbers OE-G46066, OE-G46004",Suspension,A020000001,60,60,73.75,25,25,100,30,50,80,40,90,60,0,40,20,0,120,100,70,136,100,90,80,70,121,138,180,160,212.5,150,111,190,107,3048,0.8181652701874891,14.636803587909267
10002690,Customer_22,KIT0000997,manufacturer_29,"Shockups - G05077",Suspension,A020000001,34,20,10,5,0,0,5,5,0,0,0,0,0,0,0,0,0,0,0,0,0,0,0,0,0,0,0,0,0,0,0,0,0,79,-0.7831603249680241,6.011164545499931
10002718,Customer_23,KIT0000143,manufacturer_30,"06 G Limb","Shocker and Suspension",A020000001,111.25,77.5,73.75,75,121.25,100,125,115,137.5,132.5,147.5,171.25,177.5,162.5,198.75,200,243.75,140,197.5,272.5,70,30,95,225,135,192.5,187,220,210,175,201.25,135,128.75,5311,2.0387108484417586,16.373844680517728
10002718,Customer_23,KIT0000144,manufacturer_30,"E69 Limb","Shocker and Suspension",A020000001,111.25,77.5,73.75,75,121.25,100,125,115,137.5,132.5,147.5,171.25,177.5,162.5,120,200,243.75,120,197.5,272.5,140,50,90,210,200,192.5,206.25,220,145,145,175,115,128.75,5311,2.0387108484417586,16.373844680517728
10002718,Customer_23,KIT0000145,manufacturer_30,"Shock Absorber KWP Front","Shocker and Suspension",A020000001,60,43,59,34,29,100,19,30,12,34,25,90,50,37,20,60,20,23,40,20,10,0,0,0,25,65,50,35,0,40,20,5,5,1097,-0.23410358671665585,11.76751600844352
10002718,Customer_23,KIT0000146,manufacturer_30,"Shock Absorber Rear","Shocker and Suspension",A020000001,111.25,50,73.75,75,121.25,100,110,95,137.5,93,147.5,116,87,162.5,60,155,120,94,60,70,70,5,50,55,35,115,55,70,70,83,100,70,50,3336,0.973497628356835,14.910274433762064
10002718,Customer_23,KIT0000660,manufacturer_30,"XF331 DAMPER","Shocker and Suspension",A020000001,37,25,22,51,46,64,74,22,63,64,58,57,53,79,20,66,39,27,29,44,8,5,25,50,35,57,48,50,29,40,40,18,35,1380,-0.08146797087663891,12.377164159094669
10002718,Customer_23,KIT0001140,manufacturer_31,"Drum RH","Shocker and Suspension",A020000001,0,0,0,0,0,0,0,0,0,0,0,0,0,0,0,0,0,0,0,0,0,0,0,0,0,0,206.25,205,40,180,201.25,150,128.75,1325,-0.11113213649925704,12.267713544069778
10003022,Customer_24,KIT0000868,manufacturer_32,"Hose Pipe",0,A020000001,80,77.5,25,70,50,100,90,55,120,110,110,30,75,50,70,50,100,70,90,80,100,95,100,90,80,100,90,60,80,100,80,90,80,2670,0.6142915500902226,14.241852776793724
10003022,Customer_24,KIT0001109,manufacturer_33,"Cable 402/G6608, 400/X6383, 7814",0,A110000154,0,0,0,0,0,0,0,0,0,0,0,0,0,0,0,0,0,0,0,0,0,0,0,0,0,0,0,105,80,105,80,47,32,449,-0.583601392597684,9.570648561677235
10002799,Customer_25,KIT0000519,manufacturer_34,"Connector SUB Assy 445270-60501L","AC Unit",A070000005,111.25,0,0,75,121.25,100,125,115,0,132.5,147.5,171.25,177.5,162.5,198.75,200,243.75,292.5,197.5,272.5,250,225,225,225,200,192.5,206.25,242.5,212.5,210,201.25,200,128.75,5311,2.0387108484417586,16.373844680517728
10007654,Customer_26,KIT0001102,manufacturer_35,"CDW Tube - MT1A15124",0,A110000154,0,0,0,0,0,0,0,0,0,0,0,0,0,0,0,0,0,30,60,60,36,36,76,36,72,36,36,36,108,72,36,60,0,790,-0.39968356573745156,10.928367946850308
10002744,Customer_27,KIT0001030,manufacturer_21,"Parcel Shelf (High series) - 142C7/Parcel Shelf (Low series) - 122C7","Body Parts",A020000001,30,77.5,50,0,100,50,125,100,130,120,110,95,85,30,60,115,95,110,140,135,166,160,200,70,90,135,200,100,165,120,145,90,0,3466,1.043612928919387,15.02709401035863
10002725,Customer_28,KIT0000803,manufacturer_6,Radiator,Radiator,A020000001,15,25,73.75,40,115,10,60,30,30,30,60,130,50,90,50,70,80,130,80,40,50,80,30,70,100,70,30,40,70,60,40,90,60,2015,0.26101830494813405,13.425854129884229
10002844,Customer_29,KIT0000746,manufacturer_29,"Main Shaft",Crankshaft,A020000001,20,21,0,0,5,0,0,35,15,0,65,30,23,43,20,0,40,0,65,61,18,31,29,33,20,10,0,40,10,45,21,47,17,764,-0.413706625849962,10.844951832257692
10002844,Customer_29,KIT0000748,manufacturer_2,"Pinion 138 & 116",Transmission,A020000001,0,0,0,0,0,0,0,0,0,0,0,0,20,0,0,0,0,0,19,7,11,10,7,0,0,3,0,5,14,7,4,4,10,121,-0.7605076894016611,6.804478144473714
10002844,Customer_29,KIT0000749,manufacturer_29,"Gear 28111",Transmission,A020000001,5,18,0,0,25,0,0,5,15,0,3,10,10,0,0,0,0,0,30,27,99,68,49,0,10,15,0,0,0,20,35,51,13,508,-0.5517798331116027,9.858287409233581
10002844,Customer_29,KIT0000750,manufacturer_29,"Layshaft 85 & 200",Crankshaft,A020000001,13,3,0,0,0,0,0,0,0,0,35,0,7,20,9,0,15,0,20,29,23,14,20,22,0,30,0,0,15,20,15,31,10,351,-0.6364575422525308,9.011529905239927
10002844,Customer_29,KIT0000805,manufacturer_2,"Crown Wheel 121/137",Transmission,A020000001,0,0,0,0,0,0,0,0,0,0,2,0,20,0,0,0,0,0,25,55,43,42,22,0,0,10,0,10,45,30,24,18,28,374,-0.6240525275376178,9.15381386787657
10002844,Customer_29,KIT0000864,manufacturer_5,"Bell Crank Lever 320N",Crankshaft,A020000001,0,0,0,0,0,0,0,0,0,0,0,0,3,0,0,0,5,0,5,0,0,0,2,10,5,8,0,2,0,0,0,0,0,40,-0.8041949151367898,4.844980825422177
10002844,Customer_29,KIT0000865,manufacturer_5,"Bell Crank Lever 520N",Crankshaft,A020000001,0,0,0,0,0,0,0,0,0,0,0,0,14,0,10,0,8,0,5,0,6,6,1,5,0,2,0,15,4,0,8,1,0,85,-0.7799242341728294,6.143876053408357
10002844,Customer_29,KIT0000866,manufacturer_5,"Bell Crank Lever 090N",Crankshaft,A020000001,0,0,0,0,0,0,0,0,0,0,0,0,0,0,0,0,7,0,0,0,5,0,5,0,0,2,0,6,1,0,2,0,0,28,-0.8106670967271791,4.28169306734047
10002844,Customer_29,KIT0000867,manufacturer_29,"Output Flange Jai Parvati","Steering Column (Flanges)",A020000001,0,0,0,0,0,0,0,0,0,0,0,0,0,0,0,0,0,0,0,0,1,0,4,6,0,0,0,0,1,0,1,0,0,13,-0.8187573237151659,3.181010852026277
10002844,Customer_29,KIT0000869,manufacturer_36,"Cranck Lever 100N",Crankshaft,A020000001,0,0,0,0,0,0,0,0,0,0,0,0,0,0,0,0,0,0,0,0,0,0,0,2,0,0,0,3,0,0,0,0,0,5,-0.8230721114420921,2.0315865587491677
10002844,Customer_29,KIT0000870,manufacturer_36,"Cranck Lever 310N",Crankshaft,A020000001,0,0,0,0,0,0,0,0,0,0,0,0,0,0,0,0,0,0,0,0,0,0,0,0,0,0,0,5,0,0,0,0,0,5,-0.8230721114420921,2.0315865587491677
10002844,Customer_29,KIT0000871,manufacturer_36,"Cranck Lever 540N",Crankshaft,A020000001,0,0,0,0,11,0,0,0,0,0,0,0,3,0,0,0,0,0,0,0,0,0,0,0,0,0,0,5,0,6,0,0,0,25,-0.8122851421247764,4.10954550874456
10002844,Customer_29,KIT0001063,manufacturer_2,"Output Flange (96 parts)","Steering Column (Flanges)",A020000001,0,0,0,0,0,0,0,0,0,0,0,0,0,0,0,0,0,0,0,0,0,0,10,0,0,0,0,0,0,8,15,5,0,38,-0.8052736120685213,4.761963738852683
10002857,Customer_30,KIT0000836,manufacturer_37,-,-,A020000001,15,15,0,15,30,15,15,15,0,15,0,0,30,20,20,0,0,0,0,0,0,0,0,0,0,0,0,0,0,0,0,0,0,205,-0.7152024182689353,7.855478656561792
10002857,Customer_30,KIT0001103,manufacturer_38,"Top Link Crank / Cylinder Block",0,A020000001,0,0,0,0,0,0,0,0,0,0,0,0,0,0,0,0,30,0,0,30,0,0,10,15,0,20,0,10,20,0,20,0,0,155,-0.7421698415622245,7.288279627070643
10002845,Customer_31,KIT0000854,manufacturer_39,"Turbine Wheel (3529760,3781147,5356252)",0,A070000005,111.25,77.5,73.75,75,90,90,125,115,137.5,132.5,147.5,171.25,120,162.5,198.75,195,243.75,0,197.5,272.5,250,150,195,225,200,165,195,150,0,0,0,0,0,5311,2.0387108484417586,16.373844680517728
10002845,Customer_31,KIT0000855,manufacturer_39,"Turbine Wheel (2843682)",0,A070000005,45,0,15,0,30,15,0,0,30,15,15,0,0,30,15,0,0,0,0,0,0,0,0,0,0,0,0,30,0,0,0,0,0,240,-0.6963252219636329,8.18531508814872
10002845,Customer_31,KIT0001150,manufacturer_39,"Turbine Wheel (3529760,3781147,5356252)",0,A070000004,0,0,0,0,0,0,0,0,0,0,0,0,0,0,0,0,0,0,0,0,0,0,0,0,0,0,0,240,212.5,210,180,200,128.75,1725,0.10460724984705662,12.988723806225636
10002845,Customer_31,KIT0001154,manufacturer_39,"Turbine Wheel 2843682/2838994",0,A070000004,0,0,0,0,0,0,0,0,0,0,0,0,0,0,0,0,0,0,0,0,0,0,0,0,0,0,0,0,0,15,15,0,90,120,-0.7610470378675269,6.788561601988028
10003149,Customer_32,KIT0001014,manufacturer_21,"Kit Lock Set - Metal",0,A070000003,111.25,77.5,73.75,75,121.25,100,125,115,137.5,132.5,147.5,171.25,177.5,162.5,198.75,200,243.75,292.5,197.5,272.5,250,225,225,225,200,192.5,206.25,242.5,212.5,210,201.25,200,128.75,5311,2.0387108484417586,16.373844680517728
10002820,Customer_33,KIT0000608,manufacturer_40,-,-,A020000001,40,50,50,75,80,100,0,50,44,50,0,50,100,50,50,50,100,0,50,50,50,50,100,50,0,40,50,50,0,0,0,0,0,1443,-0.04748901752709452,12.4980072352497
10002721,Customer_34,KIT0000212,manufacturer_41,"STARTER MOTOR",0,A020000001,30,32,5,20,40,23,10,65,0,0,0,28,30,20,15,5,20,5,10,50,0,0,0,0,0,0,20,70,50,90,50,90,10,788,-0.40076226266918313,10.92203595721192
10002721,Customer_34,KIT0001050,manufacturer_42,"Starter Motor - 26024702A","All Motors",A020000001,0,0,0,0,0,0,0,0,0,0,0,0,0,25,35,50,55,60,50,30,45,35,30,45,30,30,15,50,45,60,40,42,10,782,-0.40399835346437785,10.902956562337454
10002721,Customer_34,KIT0001051,manufacturer_38,"Starter Motor - 26024778A","Engine Parts",A020000001,0,0,0,0,0,0,0,0,0,0,0,0,0,25,22,30,35,20,40,20,20,30,0,15,0,60,40,74,35,85,20,56,10,637,-0.48220388101491657,10.398494936235188
10002721,Customer_34,KIT0001156,manufacturer_37,"K2 Starter - GRS78 UC Starter Motor","Engine Parts",A110000154,0,0,0,0,0,0,0,0,0,0,0,0,0,0,0,0,0,0,0,0,0,0,0,0,0,0,0,0,0,0,0,8,0,8,-0.8214540660444948,2.56495343471425
10002721,Customer_34,KIT0001159,manufacturer_18,-,-,A110000154,0,0,0,0,0,0,0,0,0,0,0,0,0,0,0,0,0,0,0,0,0,0,0,0,0,0,0,0,0,0,0,10,16,26,-0.8117457936589106,4.1687495100731935
10002721,Customer_34,KIT0001160,manufacturer_18,-,-,A110000154,0,0,0,0,0,0,0,0,0,0,0,0,0,0,0,0,0,0,0,0,0,0,0,0,0,0,0,0,0,0,0,10,16,26,-0.8117457936589106,4.1687495100731935
10002789,Customer_35,KIT0000467,manufacturer_43,"PRD 3 - STARTER MOTOR","Engine Parts",A020000001,111.25,77.5,73.75,75,121.25,100,125,115,137.5,132.5,147.5,171.25,150,162.5,110,150,140,180,112,110,100,119,40,100,50,70,90,110,80,121,110,105,40,4308,1.497744337178377,15.703470366403598
10002789,Customer_35,KIT0000696,manufacturer_6,"Starter Motor","Engine Parts",A020000001,0,0,40,18,40,25,50,20,55,40,40,95,70,27,60,80,80,50,42,60,15,101,20,70,50,40,60,50,30,39,50,66,70,1553,0.01183931371814174,12.698503501847565
10002852,Customer_36,KIT0000943,manufacturer_21,"KITE -5 Air Filter Assy for TIAGO/TIGOR BSVI","Air filter",A020000001,111.25,77.5,73.75,75,121.25,100,125,115,137.5,132.5,147.5,171.25,177.5,162.5,198.75,200,243.75,292.5,197.5,272.5,250,0,0,0,0,0,0,0,0,0,0,0,0,5311,2.0387108484417586,16.373844680517728
10002852,Customer_36,KIT0001118,manufacturer_21,Duct,"Engine Parts",A020000001,0,0,0,0,0,0,0,0,0,0,0,0,0,0,0,0,0,0,0,0,0,90,0,40,0,155,60,45,90,10,0,75,0,565,-0.5210369705572531,10.11004391090374
10002852,Customer_36,KIT0001119,manufacturer_21,"KITE -5 Air Filter Assy for TIAGO/TIGOR BSVI","Air filter",A020000001,0,0,0,0,0,0,0,0,0,0,0,0,0,0,0,0,0,0,0,0,20,225,225,225,200,192.5,206.25,242.5,212.5,210,201.25,200,115,5085,1.9168180951560914,16.23297582567822
10002686,Customer_37,KIT0000170,manufacturer_23,"Engine Mounting","Engine Mounting Arm",A020000001,66,31,42,73,63,65,65,43,75,55,58,70,35,50,55,41,55,75,58,82,51,77,72,99,52,68,71,87,71,112,80,76,50,2123,0.3192679392616387,13.574841857550236
10002686,Customer_37,KIT0001027,manufacturer_37,"Semi remote",0,A070000005,111.25,77.5,73.75,75,121.25,100,125,115,137.5,132.5,147.5,171.25,177.5,162.5,198.75,200,243.75,292.5,197.5,272.5,250,225,225,225,200,192.5,206.25,242.5,212.5,210,201.25,200,128.75,5311,2.0387108484417586,16.373844680517728
10002686,Customer_37,KIT0001028,manufacturer_44,"Gear shift lever with child part","Gears / Transmission",A070000005,100,77.5,73.75,75,100,0,120,0,0,0,147.5,171.25,177.5,0,198.75,200,243.75,292.5,197.5,272.5,250,225,225,225,200,192.5,206.25,242.5,212.5,210,201.25,200,128.75,5311,2.0387108484417586,16.373844680517728
10002686,Customer_37,KIT0001093,manufacturer_45,"Gear Shitf Lever & Child Part","Gears / Transmission",A070000005,0,0,0,0,0,0,0,0,0,0,0,0,0,0,0,200,243.75,292.5,197.5,272.5,250,225,225,225,200,192.5,206.25,242.5,212.5,210,201.25,200,128.75,5311,2.0387108484417586,16.373844680517728
10002686,Customer_37,KIT0001097,manufacturer_23,"Gear Shift Lever","Gear Shift Lever",A020000001,0,0,0,0,0,0,0,0,0,0,0,0,0,0,25,45,30,25,20,15,15,20,21,27,33,11,31,26,13,21,16,10,15,419,-0.5997818465736575,9.41168351792057
10002686,Customer_37,KIT0001098,manufacturer_23,"Mulitple Parts","Lights, Tail Lights",A070000005,0,0,0,0,0,0,0,0,0,0,0,0,0,0,0,200,100,292.5,197.5,0,240,200,60,225,60,120,120,242.5,212.5,210,200,200,100,4480,1.5905122733072918,15.827395844820758
10002685,Customer_38,KIT0000432,manufacturer_46,"CV - NS00000169",0,A020000001,111.25,40,73.75,75,121.25,100,125,115,137.5,132.5,147.5,171.25,177.5,162.5,198.75,200,243.75,292.5,197.5,272.5,200,225,225,225,200,192.5,206.25,242.5,212.5,210,201.25,200,128.75,5311,2.0387108484417586,16.373844680517728
10002685,Customer_38,KIT0000860,manufacturer_47,"Control Valve Assy (7207575V92)",0,A020000001,0,2,12,2,3,5,23,21,40,20,29,5,30,0,20,40,33,48,40,51,56,40,90,85,49,80,66,63,35,74,48,40,38,1188,-0.18502287632286948,11.977021029793404
10002685,Customer_38,KIT0001138,manufacturer_47,"K2 Control Valve",0,A020000001,0,0,0,0,0,0,0,0,0,0,0,0,0,0,0,0,0,0,0,0,0,0,0,0,0,0,0,10,8,0,0,0,0,18,-0.8160605813858369,3.62920427484724
10002684,Customer_39,KIT0000004,manufacturer_48,"MAHALE - Honda City",0,A020000001,0,40,0,10,20,0,5,48,15,10,20,0,20,0,18,14,15,16,7,6,5,0,0,0,0,0,0,0,0,4,0,0,0,273,-0.678526722590062,8.460394722116856
10002684,Customer_39,KIT0000008,manufacturer_49,"X02B Core","Radiators Intercoolers",A110000150,65,48,73.75,55,61,55,118,65,32,94,37,87,135,54,110,112,135,111,90,146,146,111,139,116,5,25,75,110,142,121,92,45,70,2902,0.7394203941710846,14.489548315803036
10002684,Customer_39,KIT0000010,manufacturer_49,"H79 Evap Front & UK Prime","Radiators Intercoolers",A110000150,11,16,28,18,16,30,20,10,19,45,50,50,61,33,48,101,39,59,38,45,16,13,40,33,15,35,16,18,30,50,19,20,15,1057,-0.2556775253512872,11.670651122220828
10002684,Customer_39,KIT0000012,manufacturer_49,"Heater Core","Radiators Intercoolers",A110000150,4,2,0,1,4,1,5,1,2,3,20,9,5,8,6,12,12,6,7,8,0,6,2,4,6,5,4,0,11,15,1,0,1,171,-0.733540266108372,7.4850116627835
10002684,Customer_39,KIT0000013,manufacturer_49,"K9K Core","Radiators Intercoolers",A110000150,24,77.5,69,52,96,95,62,30,48,65,83,73,102,74,111,110,93,113,120,122,134,93,87,84,5,31,93,79,125,131,54,104,15,2655,0.6062013231022358,14.225207140692978
10002684,Customer_39,KIT0000194,manufacturer_49,"Volvo Evap","Engine Parts",A110000150,10,6,7,14,9,10,10,12,5,12,9,13,6,9,5,8,7,4,11,2,5,7,7,8,6,5,5,6,12,9,5,2,7,253,-0.6893136919073777,8.29734350859702
10002684,Customer_39,KIT0000195,manufacturer_49,"Volvo Heater","Radiators Intercoolers",A110000150,0,1,0,9,2,2,4,2,1,3,5,4,3,3,1,3,4,2,3,2,3,5,2,3,5,0,2,1,2,1,1,2,1,82,-0.7815422795704268,6.078554967124071
10002684,Customer_39,KIT0000712,manufacturer_49,Radiator,"Radiators Intercoolers",A110000150,6,16,0,5,6,5,0,0,2,1,0,0,13,7,3,6,3,6,0,10,11,5,2,12,0,0,0,0,0,0,0,0,0,119,-0.7615863863333927,6.77253118452172
10002684,Customer_39,KIT0000948,manufacturer_49,"Wiremesh Lid & Belt","Radiators Intercoolers",A110000151,75,54,63,45,84,68,92,33,59,66,67,69,58,56,83,61,101,65,49,67,70,50,66,36,20,48,27,40,76,62,48,53,20,1931,0.21571303381540816,13.305136954301803
10002684,Customer_39,KIT0000953,manufacturer_29,"H6 EGR","Exhaust Manifolds",A020000001,24,16,0,0,15,40,31,35,15,37,36,37,21,22,19,17,20,41,23,14,20,16,21,17,14,15,7,58,89,73,80,80,57,1010,-0.28102690324697904,11.552712886399512
10002684,Customer_39,KIT0000958,manufacturer_29,"Dia 575 (ERM120)","Radiators Intercoolers",A020000001,111.25,42,0,75,121.25,100,125,115,137.5,132.5,147.5,171.25,177.5,162.5,198.75,122,65,263,197.5,272.5,250,208,222,225,189,166,70,230,0,0,0,0,0,5311,2.0387108484417586,16.373844680517728
10002684,Customer_39,KIT0000984,manufacturer_29,"EGR H6","Exhaust Manifolds",A020000001,13,0,0,0,0,0,0,25,0,30,52,31,51,43,13,24,41,46,72,92,65,62,64,57,55,41,24,0,0,0,0,0,0,901,-0.33981588602634955,11.259846893721882
10002684,Customer_39,KIT0000985,manufacturer_29,"Bimetal (Dia 520/Dia540)","Radiators Intercoolers",A020000001,111.25,45,0,0,0,0,125,115,133,96,143,171.25,177.5,132,93,63,124,134,58,142,81,100,61,79,68,100,85,136,212.5,210,177,200,128.75,3710,1.1752139545906382,15.236509123819106
10002684,Customer_39,KIT0001013,manufacturer_29,"Bimetal 600 (ERM)","Radiators Intercoolers",A020000001,111.25,0,0,0,0,35,125,115,35,103,140,150,145,46,107,82,174,174,75,107,104,122,106,86,100,102,62,242.5,212.5,210,201.25,200,128.75,4111,1.3914926894028175,15.556176863213292
10002684,Customer_39,KIT0001015,manufacturer_29,"Dia 575/Dia 630 (ERM120) - temporary KIT","Radiators Intercoolers",A020000001,0,0,0,0,0,0,0,0,0,0,0,50,75,60,110,65,30,75,86,67,30,0,104,202,0,40,0,20,0,0,0,16,20,1050,-0.2594529646123477,11.653375940828578
10002684,Customer_39,KIT0001058,manufacturer_29,"Bimetal (Dia 520/Dia540)","Radiators Intercoolers",A020000001,0,0,0,0,0,0,0,30,62,27,29,22,5,11,35,12,34,31,26,25,25,31,37,10,16,19,5,105,0,0,0,0,0,597,-0.5037778196495479,10.241935873682488
10002684,Customer_39,KIT0001070,manufacturer_29,"ERM 120 - Dia 575, Dia 575 (wireless), MBP H6 T80","Radiators Intercoolers",A020000001,0,0,0,0,0,0,0,0,0,0,0,150,177.5,162.5,156,200,135,292.5,197.5,272.5,250,225,225,225,200,192.5,153,242.5,0,0,0,0,0,5311,2.0387108484417586,16.373844680517728
10002684,Customer_39,KIT0001099,manufacturer_49,"PC542001-CAC Core Wiremesh with Insert","Engine Parts",A110000150,0,0,0,0,0,0,0,0,0,0,0,0,0,0,0,0,0,0,0,25,22,23,16,18,22,19,19,4,29,15,23,17,12,264,-0.683380858782854,8.388337489524593
10002684,Customer_39,KIT0001100,manufacturer_49,"PE332001-Radiator Core Wiremesh with Insert","Radiators Intercoolers",A110000150,0,0,0,0,0,0,0,0,0,0,0,0,0,0,0,0,0,0,0,90,66,70,70,54,39,66,48,27,66,50,89,79,33,847,-0.3689407031831019,11.103268591402966
10002684,Customer_39,KIT0001111,manufacturer_49,"H79 Evap Front UK Pri","Radiators Intercoolers",A110000150,0,0,0,0,0,0,0,0,0,0,0,0,0,0,0,0,0,0,0,0,0,0,0,0,0,0,0,4,0,0,0,0,0,4,-0.8236114599079579,1.8012682792173638
10002684,Customer_39,KIT0001116,manufacturer_29,"Bimetal (Dia 520/Dia540) - Standard FLC KIT","Radiators Intercoolers",A020000001,0,0,0,0,0,0,0,0,0,0,0,0,0,0,0,0,0,0,0,0,0,0,60,90,200,192.5,50,140,0,0,0,0,0,751,-0.42071815590621714,10.802322814244567
10002684,Customer_39,KIT0001142,manufacturer_29,"RG742002 - RF071002","Radiators Intercoolers",A020000001,0,0,0,0,0,0,0,0,0,0,0,0,0,0,0,0,0,0,0,0,0,0,0,0,0,0,0,0,212.5,210,201.25,200,128.75,1520,-0.005959185655429139,12.639675504535246
10002684,Customer_39,KIT0001143,manufacturer_29,"Visco Fan ERM 65 - PW405003/PU044001/PR214001","Engine Fans",A020000001,0,0,0,0,0,0,0,0,0,0,0,0,0,0,0,0,0,0,0,0,0,0,0,0,0,0,0,0,212.5,210,201.25,200,107,1141,-0.21037225421856134,11.870612858350034
10002817,Customer_40,KIT0000582,manufacturer_21,"AMT Hydraulic Kit","Gears / Transmission",A020000001,111.25,77.5,73.75,75,121.25,100,125,115,137.5,132.5,147.5,171.25,177.5,162.5,198.75,200,243.75,292.5,197.5,272.5,250,225,225,225,200,192.5,206.25,242.5,212.5,210,160,150,120,5311,2.0387108484417586,16.373844680517728
10002817,Customer_40,KIT0001024,manufacturer_50,"AMT Hydraulic Unit","Gears / Transmission",A110000154,0,0,0,0,0,0,125,115,137.5,132.5,147.5,171.25,177.5,162.5,198.75,200,243.75,292.5,197.5,272.5,250,225,225,225,200,192.5,206.25,242.5,212.5,210,201.25,200,128.75,5311,2.0387108484417586,16.373844680517728
10007572,Customer_41,KIT0001117,manufacturer_51,Cluster,0,A070000005,0,0,0,0,0,0,0,0,0,0,0,0,0,0,0,0,0,0,0,0,0,125,0,0,0,0,125,242.5,212.5,210,201.25,0,0,1725,0.10460724984705662,12.988723806225636
10007518,Customer_42,KIT0001083,manufacturer_52,M760,0,A070000004,0,0,0,0,0,0,0,0,0,0,0,0,0,0,0,0,0,200,0,0,0,0,0,0,0,0,0,0,0,0,0,0,0,200,-0.7178991605982642,7.804472523754075
10007518,Customer_42,KIT0001084,manufacturer_52,M760,0,A070000001,0,0,0,0,0,0,0,0,0,0,0,0,0,0,0,200,0,200,0,0,0,0,200,161,0,0,0,0,0,0,0,0,0,761,-0.41532467124755934,10.835170145506046
10007518,Customer_42,KIT0001085,manufacturer_42,M760,0,A070000004,0,0,0,0,0,0,0,0,0,0,0,0,0,0,0,0,0,0,197.5,272.5,200,0,0,0,0,0,0,0,0,0,0,0,0,1128,-0.21738378427481653,11.84051427530402
10007518,Customer_42,KIT0001086,manufacturer_42,M760,0,A070000001,0,0,0,0,0,0,0,0,0,0,0,0,0,0,0,200,200,0,197.5,272.5,250,0,200,161,0,0,0,0,0,0,0,0,0,2827,0.6989692592311507,14.411402837262289
10002816,Customer_43,KIT0000577,manufacturer_21,"Stab Bar","Engine Parts",A020000001,80,0,0,0,0,0,0,0,0,0,0,0,0,0,0,0,0,0,0,0,0,0,0,0,0,0,0,0,0,0,0,0,0,80,-0.7826209765021583,6.033866697493984
10002816,Customer_43,KIT0001017,manufacturer_53,"Spring - FG5A020950/FG5A020952","Brake assembly",A020000001,80,77.5,40,75,121.25,40,120,90,137.5,132.5,147.5,100,140,162.5,198.75,200,215,170,197.5,165,180,225,219,180,150,192.5,170,195,170,150,100,130,35,5184,1.970213593276804,16.295335143802443
10002783,Customer_44,KIT0000435,manufacturer_37,972080790,0,A020000001,0,0,0,10,6,2,9,3,0,10,4,0,14,7,6,6,6,0,6,4,6,2,5,8,2,1,3,18,0,5,5,5,0,153,-0.7432485384939561,7.262477406178736
10002783,Customer_44,KIT0000436,manufacturer_37,"972080730 & 972080731",0,A020000001,0,0,0,0,0,0,10,10,0,10,10,0,20,25,14,11,31,7,8,18,33,22,11,24,17,20,19,25,6,5,7,5,11,379,-0.6213557852082888,9.1837454265616
10002783,Customer_44,KIT0000437,manufacturer_37,972080801,0,A020000001,0,0,0,10,7,7,8,1,0,9,3,0,14,5,2,5,4,2,4,6,9,6,9,13,2,6,14,32,0,10,18,6,7,219,-0.7076515397468144,7.992818318552231
10002783,Customer_44,KIT0000438,manufacturer_37,972100740,0,A020000001,0,0,0,0,0,0,12,0,0,5,5,0,11,2,5,2,1,7,2,7,10,6,7,7,3,2,4,23,0,0,0,0,0,121,-0.7605076894016611,6.804478144473714
10002783,Customer_44,KIT0000439,manufacturer_47,972122970,0,A020000001,0,0,0,5,4,0,6,2,0,7,3,0,7,9,0,1,5,1,0,7,1,0,0,0,0,1,1,23,0,2,0,0,4,89,-0.7777668403093663,6.227979042231941
10002783,Customer_44,KIT0000649,manufacturer_36,"HYDROLIC CYLINDER",0,A020000001,0,0,0,1,5,5,8,8,0,4,7,0,1,0,16,0,0,0,8,2,33,20,3,7,8,36,12,43,5,0,0,11,5,248,-0.6920104342367066,8.254854164231862
10002783,Customer_44,KIT0001162,manufacturer_37,-,-,A020000001,0,0,0,0,0,0,0,0,0,0,0,0,0,0,0,0,0,0,0,0,0,0,0,0,0,0,0,0,0,0,10,0,4,14,-0.8182179752493001,3.2806301717236606
10002809,Customer_45,KIT0000558,manufacturer_29,Flanges611,"Steering Column (Flanges)",A020000001,23,0,0,0,0,0,0,0,0,25,18,10,32,15,10,25,0,0,0,15,35,0,0,25,25,20,0,15,10,0,0,0,0,303,-0.6623462686140885,8.686685622124497
10002832,Customer_46,KIT0000296,manufacturer_37,"TD (NEF)",0,A020000001,20,35,35,30,60,50,77,40,20,40,100,40,81,50,79,70,78,124,70,125,105,75,90,90,129,20,60,80,75,10,81,50,45,2134,0.32520077238616235,13.589647415359073
10002832,Customer_46,KIT0000297,manufacturer_54,"WA Part-3","Engine Parts",A020000001,40,35,30,30,80,30,90,35,20,40,50,34,57,75,27,75,41,155,70,90,0,70,75,90,50,0,0,0,25,30,56,30,45,1575,0.02370497996718899,12.737126307558732
10002832,Customer_46,KIT0000355,manufacturer_36,"TD (AVL)",0,A020000001,0,0,50,25,40,35,50,25,10,20,30,0,80,70,77,100,70,116,78,78,85,35,85,90,76,60,60,97,73,90,77,60,20,1862,0.17849798967066904,13.202540703979409
10002832,Customer_46,KIT0000674,manufacturer_37,"95 dia & 85 dia Hyd Cyl",0,A020000001,0,0,0,0,0,0,0,0,0,0,0,0,0,0,0,0,0,0,0,0,0,0,0,0,0,0,0,0,55,19,40,0,0,114,-0.7642831286627216,6.690607355679831
10002832,Customer_46,KIT0001069,manufacturer_13,"WA Part-3",0,A020000001,0,0,0,0,0,0,0,0,0,0,0,0,0,0,22,12,0,0,0,0,0,0,0,0,100,140,140,101,71,72,10,0,0,668,-0.4654840785730773,10.51410598429375
10002750,Customer_47,KIT0000297,manufacturer_54,"WA Part-3","Engine Parts",A020000001,0,0,0,0,0,0,0,0,0,0,0,0,0,0,0,0,0,0,0,0,0,0,0,0,0,0,0,25,0,0,23,10,20,78,-0.7836996734338899,5.988216274181122
10002750,Customer_47,KIT0000471,manufacturer_14,"Liner_TD - NEF (98 ,91 & 95 Dia.)",0,A020000001,0,0,0,0,0,0,15,35,0,25,10,30,23,41,10,30,36,25,35,30,40,15,30,25,35,40,48,10,35,52,42,43,30,790,-0.39968356573745156,10.928367946850308
10002750,Customer_47,KIT0000503,manufacturer_37,"Hydraulic Sleeve",0,A020000001,60,20,50,65,51,70,75,30,36,30,54,40,50,79,80,70,129,80,35,125,50,50,80,65,60,55,62,65,105,34,40,80,50,2025,0.26641178960679185,13.43993478284101
10002750,Customer_47,KIT0000674,manufacturer_37,"95 dia & 85 dia Hyd Cyl",0,A020000001,21,13,10,23,21,40,39,29,36,26,39,30,31,31,43,27,41,60,15,25,35,35,15,40,50,30,35,0,0,0,0,0,0,840,-0.37271614244416235,11.082345861435874
10002738,Customer_48,KIT0000203,manufacturer_2,"6 Plate","Engine Parts",A020000001,6,8,0,0,2,18,5,14,14,10,6,11,10,3,7,4,3,2,1,1,6,8,4,7,6,1,3,7,5,15,15,5,6,213,-0.7108876305420091,7.934909347699727
10002738,Customer_48,KIT0000204,manufacturer_2,"8 Plate","Engine Parts",A020000001,56,20,0,0,8,58,63,50,47,54,62,62,63,65,48,41,24,40,25,16,28,48,21,18,10,32,8,28,5,23,36,10,20,1089,-0.2384183744435821,11.748389376729772
10002738,Customer_48,KIT0000460,manufacturer_55,"Oil Cooler_BTL109 And MML(114 & 116)",0,A070000005,80,65,60,75,80,100,112,100,120,50,93,150,110,90,90,90,120,183,50,100,127,180,49,135,100,86,55,97,0,70,110,30,30,3112,0.8526835720028992,14.69944345740722
10002738,Customer_48,KIT0000461,manufacturer_55,"Oil Cooler_BTL101 And MML(108,119 & 125)",0,A070000005,100,50,55,75,120,100,125,66,109,67,143,68,160,72,180,85,132,150,54,130,107,119,130,79,142,80,120,102,20,0,0,0,0,3044,0.8160078763240259,14.632851055491004
10002738,Customer_48,KIT0000966,manufacturer_2,"Oil Cooler-BS VI-ALL156","Oil Tank Assembly",A020000001,11,0,6,11,9,10,7,6,8,10,10,12,9,13,11,5,15,15,10,11,12,11,12,14,10,5,0,0,0,0,0,0,0,253,-0.6893136919073777,8.29734350859702
10002738,Customer_48,KIT0001144,manufacturer_55,"Oil Cooler_BTL101 And MML(108,119 & 125)",0,A070000004,0,0,0,0,0,0,0,0,0,0,0,0,0,0,0,0,0,0,0,0,0,0,0,0,0,0,0,0,100,210,201.25,140,60,730,-0.43204447368939863,10.732098445153921
10002738,Customer_48,KIT0001155,manufacturer_56,-,-,A110000154,0,0,0,0,0,0,0,0,0,0,0,0,0,0,0,0,0,0,0,0,0,0,0,0,0,0,0,0,0,0,37,25,4,66,-0.7901718550242793,5.691276187922605
10004742,Customer_49,KIT0000959,manufacturer_36,"Oil Pump 303 & 222",0,A020000001,49,29,41,61,60,36,69,29,17,24,52,0,50,50,60,78,64,69,42,51,67,23,62,56,36,69,43,50,42,59,38,65,35,1576,0.024244328433054775,12.738870814318659
10002810,Customer_50,KIT0000560,manufacturer_47,Alternator,Electronics,A020000001,31,20,10,34,12,33,15,30,35,15,32,19,19,31,10,48,33,42,23,33,25,37,38,43,64,68,34,55,20,60,20,20,40,1049,-0.25999231307821347,11.650899961215211
10007217,Customer_51,KIT0001059,manufacturer_57,"Stabilizer Link Assembly - 934059110E/0401EAA02271N/544232800112/542432800108","Engine Parts",A070000003,0,0,0,0,0,0,0,0,0,0,0,0,0,162.5,198.75,200,243.75,292.5,197.5,272.5,250,225,225,225,200,192.5,206.25,242.5,212.5,210,201.25,200,128.75,5311,2.0387108484417586,16.373844680517728
10002769,Customer_52,KIT0001032,manufacturer_37,"Reverse idler shaft(006500828C1)/Gear RCRPTO 18T(006500829C2)/Gear Coupling PTO(006503134C1)",0,A020000001,0,0,30,15,30,30,25,0,0,25,0,0,30,30,30,0,60,30,20,30,30,0,60,30,0,0,0,0,0,20,20,30,30,605,-0.49946303192262165,10.273955643279624
10002769,Customer_52,KIT0001033,manufacturer_37,"Gear Slidinng (006501547R2)/(00650158R2)/Gear speed 57T(006503130C2)/2/3 speed sliding(006505999B3)",0,A020000001,0,0,0,15,0,0,0,0,0,0,0,0,0,0,0,25,0,0,0,0,0,0,0,0,0,0,0,70,0,50,20,30,0,210,-0.7125056759396063,7.9054278354601974
10007245,Customer_53,KIT0001068,manufacturer_4,"Gear Shifter-285126800284","Gear Shift Lever",A020000001,0,0,0,0,0,0,0,0,0,0,0,100,177.5,162.5,198.75,175,243.75,168,175,215,230,140,150,30,200,192.5,180,242.5,200,130,201.25,200,128.75,4361,1.5263298058692636,15.742104764725292
10002679,Customer_54,KIT0000215,manufacturer_37,-,-,A020000001,30,30,30,40,40,20,80,0,45,0,0,65,20,65,30,15,50,30,45,55,25,30,60,0,30,35,20,70,25,35,0,0,0,1020,-0.27563341858832124,11.57819641513027
10002679,Customer_54,KIT0000892,manufacturer_13,"RV3+ Cam Shaft",0,A020000001,0,30,0,5,15,10,10,15,10,0,0,0,0,20,10,15,5,0,15,5,5,0,0,0,15,20,10,20,20,25,0,0,0,280,-0.6747512833290015,8.515040993925329
10006901,Customer_55,KIT0001067,manufacturer_57,"Rear Grill Assembly - 596DUV",Grill,A020000001,0,0,0,0,0,0,0,0,0,0,0,0,47,65,52,58,34,26,8,23,0,14,15,8,14,24,29,41,24,42,10,8,11,553,-0.5275091521476424,10.05892158728785
10006901,Customer_55,KIT0001101,manufacturer_57,"Rear Grill Assembly - 596DUV",Grill,A020000001,0,0,0,0,0,0,0,0,0,0,0,0,0,0,0,40,19,12,8,23,0,14,15,6,16,34,38,36,13,20,8,8,4,314,-0.6564134354895649,8.764846285520452
10006898,Customer_56,KIT0001096,manufacturer_58,"FLC (1200x800x812)",0,A020000001,0,0,0,0,0,0,0,0,0,0,0,0,0,0,198.75,200,243.75,292.5,197.5,272.5,250,225,225,225,200,192.5,206.25,242.5,212.5,140,120,0,0,5311,2.0387108484417586,16.373844680517728
10007811,Customer_57,KIT0001095,manufacturer_58,"FLC (1200x800x812)","Rubber Biddings",A020000001,0,0,0,0,0,0,0,0,0,0,0,0,0,0,100,0,0,280,0,0,0,0,0,0,0,0,0,0,0,0,0,0,0,380,-0.620816436742423,9.189690935940273
10006660,Customer_58,KIT0001034,manufacturer_37,"Air Duct - 0302CAM0094IN",0,A070000006,0,0,73.75,0,121.25,100,125,115,137.5,132.5,147.5,150,0,0,0,0,0,0,0,0,0,0,0,0,0,0,0,0,0,0,0,0,0,2250,0.3877651944265933,13.741899433995316
10006660,Customer_58,KIT0001035,manufacturer_37,"Air Duct - 0302CAM008IN/0304DAM0243IN",0,A070000006,0,0,73.75,75,121.25,90,125,115,137.5,132.5,147.5,0,0,0,0,0,0,0,0,0,0,0,0,0,0,0,0,0,0,0,0,0,0,1860,0.17741929273893747,13.1995183237033
10006129,Customer_59,KIT0000990,manufacturer_37,"D20 WD",0,A070000004,90,77.5,73.75,75,121.25,100,125,115,0,132.5,147.5,171.25,177.5,162.5,198.75,200,243.75,292.5,197.5,272.5,250,225,210,0,200,192.5,206.25,242.5,212.5,210,201.25,200,128.75,5311,2.0387108484417586,16.373844680517728
10006129,Customer_59,KIT0000991,manufacturer_37,"G20 WD",0,A070000004,90,60,73.75,75,0,0,0,115,137.5,132.5,0,171.25,0,162.5,198.75,0,210,292.5,197.5,272.5,250,225,225,225,200,192.5,0,0,212.5,0,0,0,0,5311,2.0387108484417586,16.373844680517728
10007265,Customer_60,KIT0000945,manufacturer_59,XFC211,0,A070000005,0,0,0,0,0,0,0,0,137.5,132.5,147.5,171.25,177.5,162.5,198.75,200,243.75,292.5,197.5,272.5,250,225,225,225,200,192.5,206.25,242.5,212.5,210,201.25,200,128.75,5311,2.0387108484417586,16.373844680517728
10007265,Customer_60,KIT0000986,manufacturer_18,"Filter (LC6405 Palletized Crate )","Air filter",A070000006,0,0,0,0,0,0,0,0,137.5,132.5,147.5,171.25,177.5,162.5,198.75,200,243.75,292.5,197.5,272.5,0,225,225,225,200,0,0,242.5,212.5,210,201.25,200,100,5311,2.0387108484417586,16.373844680517728
10007265,Customer_60,KIT0001034,manufacturer_37,"Air Duct - 0302CAM0094IN",0,A070000006,0,0,0,0,0,0,0,0,0,0,0,0,0,0,0,0,0,0,0,272.5,250,210,225,105,200,192.5,206.25,105,0,210,105,0,128.75,5311,2.0387108484417586,16.373844680517728
10007265,Customer_60,KIT0001035,manufacturer_37,"Air Duct - 0302CAM008IN/0304DAM0243IN",0,A070000006,0,0,0,0,0,0,0,0,0,0,0,0,0,0,0,0,0,0,0,272.5,250,210,225,105,200,192.5,206.25,0,0,0,0,0,0,2190,0.3554042864746463,13.66401631905664
10002801,Customer_61,KIT0000526,manufacturer_4,"HVAC 1516",0,A020000001,111.25,77.5,73.75,75,121.25,100,125,115,137.5,132.5,147.5,171.25,177.5,162.5,198.75,200,243.75,292.5,197.5,272.5,250,225,225,225,200,192.5,206.25,242.5,212.5,210,201.25,200,128.75,5311,2.0387108484417586,16.373844680517728
10002801,Customer_61,KIT0001114,manufacturer_4,"Prima AC Unit - Subros",0,A020000001,0,0,0,0,0,0,0,0,0,0,0,0,0,0,0,0,0,0,0,0,0,0,0,0,40,70,108,110,75,110,80,118,60,771,-0.4099311865889015,10.867647720163689
10002757,Customer_62,KIT0000294,manufacturer_34,Heater,"AC Unit",A070000005,111.25,77.5,73.75,75,121.25,100,125,115,137.5,132.5,147.5,171.25,177.5,162.5,198.75,200,243.75,292.5,197.5,272.5,250,225,225,225,200,192.5,206.25,220,0,0,0,0,128.75,5311,2.0387108484417586,16.373844680517728
10002757,Customer_62,KIT0000414,manufacturer_34,"Child Part","AC Unit",A070000005,111.25,77.5,73.75,75,121.25,100,125,115,137.5,0,147.5,171.25,40,40,198.75,60,243.75,0,120,180,240,140,225,225,80,192.5,40,0,0,210,201.25,200,128.75,5311,2.0387108484417586,16.373844680517728
10002757,Customer_62,KIT0001037,manufacturer_34,"R S Evaporator","AC Unit",A070000005,0,0,0,0,121.25,100,125,115,137.5,132.5,147.5,171.25,177.5,162.5,198.75,200,243.75,292.5,197.5,272.5,250,225,225,225,200,192.5,206.25,242.5,212.5,210,201.25,200,128.75,5311,2.0387108484417586,16.373844680517728
10002732,Customer_63,KIT0000181,manufacturer_42,"Assy chain,lift rod assy",0,A020000001,0,0,0,0,0,0,0,0,0,0,0,0,177.5,162.5,198.75,200,243.75,292.5,197.5,272.5,250,225,225,225,200,192.5,206.25,242.5,212.5,210,201.25,200,128.75,5311,2.0387108484417586,16.373844680517728
10002768,Customer_64,KIT0000181,manufacturer_60,"Assy chain,lift rod assy",0,A020000001,0,0,0,0,0,0,0,0,0,0,0,0,0,160,198.75,200,150,250,160,80,130,100,125,160,127,187,124,153,197,205,190,165,85,3148,0.8721001167740675,14.734191786132127
10002726,Customer_65,KIT0000084,manufacturer_61,"WATER PUMP - WPA 773MK",Radiator,A020000001,44,77.5,48,75,95,94,85,65,68,50,35,40,45,90,90,85,115,114,75,45,20,110,105,50,60,45,30,61,105,60,55,60,0,2204,0.3629551649967672,13.682352114524985
10002726,Customer_65,KIT0000174,manufacturer_61,"WATER PUMP - WPA 791K/ 788/ 910M/ 724/ 755",Radiator,A020000001,42,25,35,35,57,35,45,45,55,30,45,65,55,40,60,35,35,55,20,30,54,110,48,53,74,0,20,55,41,0,49,43,0,1391,-0.07553513775211529,12.398601841828379
10002726,Customer_65,KIT0000175,manufacturer_61,"WATER PUMP - WPA 939",Radiator,A020000001,27,37,31,30,64,28,30,45,43,26,45,43,45,21,15,15,37,34,53,57,47,49,52,37,53,38,28,53,34,33,30,17,17,1214,-0.1709998162103591,12.034335554872996
10002726,Customer_65,KIT0000227,manufacturer_61,"WATER PUMP - WPA 887",0,A020000001,5,4,3,4,7,10,0,5,5,0,5,5,5,11,5,10,2,12,5,0,10,5,8,15,20,10,15,11,11,5,7,5,13,238,-0.6974039188953645,8.167619525382722
10002726,Customer_65,KIT0000228,manufacturer_61,"OIL PUMP - OP 887",Fasteners,A020000001,3,3,1,2,2,7,0,5,0,0,5,5,5,5,5,5,0,4,4,1,5,7,10,8,7,4,8,5,4,5,1,2,4,132,-0.7545748562771376,6.972512643917944
10002726,Customer_65,KIT0000287,manufacturer_61,"WATER PUMP - WPA 770/ 771/ 779/ 812/ 813",Radiator,A020000001,10,10,0,0,20,25,5,20,20,30,10,5,20,10,20,30,20,10,15,15,0,0,16,15,0,0,0,0,0,0,0,5,10,341,-0.6418510269111887,8.947151724774981
10002726,Customer_65,KIT0000353,manufacturer_61,"Water Pump - WPA 890/ 772/ 772G/ 772P",Radiator,A020000001,57,23,50,10,45,35,35,15,30,25,25,20,35,40,15,15,10,20,5,10,15,30,20,5,0,5,5,5,10,0,15,20,0,650,-0.47519235095866136,10.44755437052373
10002726,Customer_65,KIT0000587,manufacturer_61,"OP990 M3/ M4",Fasteners,A020000001,0,0,5,0,0,10,0,0,0,0,0,10,5,5,5,5,0,5,0,0,8,0,0,0,0,0,0,0,0,0,0,0,0,58,-0.7944866427512056,5.466655171706256
10002726,Customer_65,KIT0000777,manufacturer_37,"OP 890-/ 772 - PALLETIZED LOAD",Fasteners,A070000005,111.25,77.5,73.75,75,121.25,100,0,0,0,0,0,0,0,0,0,0,0,0,0,0,0,0,0,0,0,0,0,0,0,0,0,0,0,5311,2.0387108484417586,16.373844680517728
10002726,Customer_65,KIT0000784,manufacturer_61,"OIL PUMP - OP 989/ D35",Fasteners,A020000001,5,9,6,0,0,0,0,12,5,5,5,10,20,10,10,18,5,5,10,13,20,10,22,20,29,10,15,8,20,11,12,10,20,355,-0.6343001483890677,9.036840144697317
10002726,Customer_65,KIT0000936,manufacturer_37,"Water Pump (WPA1009) BS6",0,A020000001,111.25,41,53,75,63,64,10,40,85,50,60,100,55,85,70,75,104,155,120,191,179,135,115,40,0,0,0,0,0,0,0,0,10,2121,0.31818924232990714,13.572142834680138
10002726,Customer_65,KIT0001044,manufacturer_61,"OP 890-/ 772 - PALLETIZED LOAD",Fasteners,A070000005,0,0,0,0,0,0,0,0,137.5,132.5,147.5,171.25,177.5,162.5,198.75,200,243.75,292.5,197.5,272.5,250,225,225,225,100,0,0,0,212.5,210,201.25,200,128.75,5311,2.0387108484417586,16.373844680517728
10007063,Customer_66,KIT0001073,manufacturer_62,-,-,A020000001,0,0,0,0,0,0,0,0,0,0,0,0,20,0,20,20,20,40,35,60,20,20,40,20,20,50,30,15,0,0,0,0,0,430,-0.5938490134491339,9.471075279109895
10007063,Customer_66,KIT0001074,manufacturer_62,-,-,A020000001,0,0,0,0,0,0,0,0,0,0,0,0,20,0,20,20,20,40,35,60,20,20,40,20,20,50,30,15,0,0,0,0,0,430,-0.5938490134491339,9.471075279109895
10002717,Customer_67,KIT0000016,manufacturer_63,"Water Pump - WPA 967/ L1/ L2/ L3","Radiators Intercoolers",A020000001,111.25,77.5,73.75,75,121.25,100,125,115,112,60,96,166,100,92,100,130,112,155,132,108,120,85,100,110,84,40,90,105,105,115,122,170,20,3786,1.2162044379964376,15.299310615280561
10002717,Customer_67,KIT0000123,manufacturer_63,"Water Pump - WPA 574MI",0,A020000001,22,0,2,5,0,12,25,8,4,13,19,6,9,15,8,8,6,9,7,9,2,7,6,6,7,0,7,6,3,1,4,1,0,237,-0.6979432673612302,8.15872379503235
10002717,Customer_67,KIT0000147,manufacturer_63,"Water Pump - WPA 722",0,A020000001,40,10,0,0,0,10,20,10,25,10,30,32,20,25,5,15,20,35,33,33,34,31,45,60,25,30,41,36,30,35,48,12,6,806,-0.39105399028359905,10.978532614318482
10002717,Customer_67,KIT0000177,manufacturer_63,"OIL PUMP - OP 580M/ OP 920","Oil Tank Assembly",A020000001,50,49,65,0,45,45,45,30,45,5,40,50,20,40,40,35,34,55,62,5,40,35,35,65,30,5,30,40,25,35,43,40,0,1183,-0.1877196186521984,11.965875248935784
10002717,Customer_67,KIT0000256,manufacturer_63,"WPA 905 - Water Pump",0,A020000001,111.25,77.5,73.75,30,121.25,100,125,58,60,120,60,113,126,123,80,105,132,148,120,134,95,170,140,178,160,140,135,105,102,65,125,120,20,3780,1.212968347201243,15.294392320430722
10002762,Customer_68,KIT0000298,manufacturer_4,"Dash board Pre Assembly AC and Non AC","Dashboard Parts",A16000005,0,0,73.75,75,121.25,100,125,115,137.5,132.5,147.5,171.25,177.5,162.5,198.75,200,243.75,292.5,197.5,272.5,250,225,225,225,200,192.5,206.25,242.5,120,210,201.25,200,128.75,5311,2.0387108484417586,16.373844680517728
10002849,Customer_69,KIT0001122,manufacturer_64,F9H02111,"Engine Parts",A020000001,0,0,0,0,0,0,0,0,0,0,0,0,0,0,0,0,0,0,0,0,0,0,0,0,0,0,0,0,0,2,1,0,0,3,-0.8241508083738237,1.5271217087413937
10002849,Customer_69,KIT0001123,manufacturer_64,F2421511,"Engine Parts",A020000001,0,0,0,0,0,0,0,0,0,0,0,0,0,0,0,0,0,0,0,0,0,0,0,0,0,0,3,6,0,3,1,0,2,15,-0.8176786267834343,3.3746765846396505
10002849,Customer_69,KIT0001124,manufacturer_64,F2417411,"Engine Parts",A020000001,0,0,0,0,0,0,0,0,0,0,0,0,0,0,0,0,0,0,0,0,0,0,0,0,0,0,18,0,0,9,6,5,1,39,-0.8047342636026555,4.8039198968414105
10002849,Customer_69,KIT0001125,manufacturer_64,"F3247411 & S3347411","Engine Parts",A020000001,0,0,0,0,0,0,0,0,0,0,0,0,0,0,0,0,0,0,0,0,0,0,0,0,0,0,3,16,15,5,3,7,0,49,-0.7993407789439977,5.180089675711675
10002849,Customer_69,KIT0001126,manufacturer_64,FMB00121,"Engine Parts",A020000001,0,0,0,0,0,0,0,0,0,0,0,0,0,0,0,0,0,0,0,0,0,0,0,0,0,0,0,6,6,4,3,3,0,22,-0.8139031875223738,3.9193217723322573
10002849,Customer_69,KIT0001127,manufacturer_64,X3B01611,Electronics,A020000001,0,0,0,0,0,0,0,0,0,0,0,0,0,0,0,0,0,0,0,0,0,0,0,0,0,0,0,36,0,0,15,2,7,60,-0.793407945819474,5.525165288285007
10002849,Customer_69,KIT0001128,manufacturer_64,"F3244711 & F3244611","Engine Parts",A020000001,0,0,0,0,0,0,0,0,0,0,0,0,0,0,0,0,0,0,0,0,0,0,0,0,0,0,0,6,0,0,1,1,0,8,-0.8214540660444948,2.56495343471425
10002849,Customer_69,KIT0001129,manufacturer_64,F3244311,"Engine Parts",A020000001,0,0,0,0,0,0,0,0,0,0,0,0,0,0,0,0,0,0,0,0,0,0,0,0,0,0,0,3,0,1,1,0,0,5,-0.8230721114420921,2.0315865587491677
10002849,Customer_69,KIT0001130,manufacturer_64,X0B01311,Electronics,A020000001,0,0,0,0,0,0,0,0,0,0,0,0,0,0,0,0,0,0,0,0,0,0,0,0,0,0,0,0,20,7,10,6,6,49,-0.7993407789439977,5.180089675711675
10002849,Customer_69,KIT0001131,manufacturer_64,X3B00711,Electronics,A020000001,0,0,0,0,0,0,0,0,0,0,0,0,0,0,0,0,0,0,0,0,0,0,0,0,0,0,4,6,10,6,4,3,7,40,-0.8041949151367898,4.844980825422177
10002849,Customer_69,KIT0001132,manufacturer_64,X4300611,Electronics,A020000001,0,0,0,0,0,0,0,0,0,0,0,0,0,0,0,0,0,0,0,0,0,0,0,0,0,0,4,12,10,0,8,9,2,45,-0.8014981728074608,5.038175698534528
10002849,Customer_69,KIT0001161,manufacturer_64,"Relay Drop Ram - FV902011",Electronics,A020000001,0,0,0,0,0,0,0,0,0,0,0,0,0,0,0,0,0,0,0,0,0,0,0,0,0,0,0,0,0,20,26,12,0,58,-0.7944866427512056,5.466655171706256
10002837,Customer_70,KIT0000942,manufacturer_4,"Plannet Carrier Housing - CUF 2629-Metal",Housings,A020000001,11,10,0,0,5,0,22,0,10,20,33,16,10,47,15,27,0,32,20,40,9,33,23,44,42,22,46,100,56,34,35,70,26,858,-0.36300787005857826,11.135848100212609
10002883,Customer_71,KIT0000929,manufacturer_2,"Turbo Charger (203529021291)",0,A070000005,0,0,10,40,0,0,0,0,0,0,0,0,0,0,0,0,0,0,0,0,0,0,0,0,0,0,0,0,0,0,0,0,0,50,-0.7988014304781319,5.214032979050059
10002883,Customer_71,KIT0000930,manufacturer_37,"Turbo Charger (203519021191 & 203519020306)","Engine Parts",A020000001,3,0,0,7,7,5,8,10,9,0,2,7,6,15,10,6,5,11,0,10,2,0,0,14,13,5,20,3,0,0,0,0,0,178,-0.7297648268473115,7.5661513427791
10002883,Customer_71,KIT0000935,manufacturer_65,-,-,A020000001,0,18,0,0,0,0,0,0,0,0,0,0,0,0,0,0,0,0,0,0,0,0,0,0,0,0,0,0,0,0,0,0,0,18,-0.8160605813858369,3.62920427484724
10002883,Customer_71,KIT0001001,manufacturer_15,"Turbo charger (3L-4SP SFC-10433902-1567)",Transmission,A020000001,35,44,0,0,0,9,10,45,70,40,30,47,30,0,10,0,35,55,0,75,30,30,0,25,5,0,15,15,40,20,10,65,15,805,-0.39159333874946484,10.97542257223409
10002883,Customer_71,KIT0001002,manufacturer_15,"Turbo charger(3L 10433902-1639)","Engine Parts",A020000001,40,37,0,0,0,0,0,30,30,40,25,26,60,60,30,65,55,73,13,25,37,55,25,20,25,69,55,80,30,40,10,35,30,1120,-0.2216985720017428,11.821843145411293
10002883,Customer_71,KIT0001003,manufacturer_15,"Turbo charger(3.3L Truck 12V 10453902-1624)","Engine Parts",A020000001,0,20,0,0,12,0,15,0,0,0,0,0,0,0,0,0,0,0,0,0,0,0,0,0,0,0,0,0,0,0,0,0,0,47,-0.8004194758757293,5.11040823288829
10002883,Customer_71,KIT0001004,manufacturer_15,"Turbo charger(3.3L Bus 12V 10453902-1625)","Engine Parts",A020000001,65,31,18,0,50,37,20,80,73,55,65,90,85,68,76,99,15,75,45,85,70,90,55,60,10,76,80,65,30,35,20,40,40,1803,0.14667643018458779,13.112180013143004
10002883,Customer_71,KIT0001006,manufacturer_15,"Turbo charger(5L Ultra 24V 41552902-1469)","Engine Parts",A020000001,21,26,0,0,0,0,0,0,0,0,0,0,0,0,0,0,0,0,0,0,0,0,0,0,0,0,0,0,0,0,0,0,0,47,-0.8004194758757293,5.11040823288829
10002883,Customer_71,KIT0001007,manufacturer_65,"Turbo charger(5L Cluster 24V 41552902-1482)","Engine Parts",A020000001,45,38,0,0,0,0,0,0,0,0,0,0,0,0,0,0,0,0,0,0,0,0,0,0,0,0,0,0,0,0,0,0,0,83,-0.781002931104561,6.100551766828896
10002883,Customer_71,KIT0001008,manufacturer_4,"Turbo charger(1.5L 31352902-1468)","Engine Parts",A020000001,55,64,20,0,58,57,95,80,95,30,45,90,85,20,90,70,60,105,40,45,65,45,45,86,55,75,30,65,60,30,30,35,30,1855,0.17472255040960855,13.191950097026087
10002727,Customer_72,KIT0000162,manufacturer_66,"K24 - 0976 TURBO CHARGER",0,A020000001,40,29,0,0,20,13,16,20,37,27,35,44,36,40,40,50,47,50,30,24,12,25,62,44,19,20,18,25,19,30,22,0,0,894,-0.34359132528741004,11.240013441665518
10002727,Customer_72,KIT0000201,manufacturer_66,"COMPRESSOR WHEEL WITH NON - PALLETIZED LOAD",0,A070000005,111.25,77.5,73.75,75,121.25,100,125,115,137.5,132.5,147.5,171.25,177.5,162.5,198.75,200,243.75,180,197.5,272.5,200,225,225,225,175,150,206.25,242.5,212.5,210,140,0,0,5311,2.0387108484417586,16.373844680517728
10002727,Customer_72,KIT0000207,manufacturer_66,"K27 - 0977 TURBO CHARGER",0,A020000001,20,30,0,15,0,0,23,10,20,12,15,34,23,50,15,20,12,5,10,0,0,17,24,23,10,18,10,0,13,15,0,0,0,444,-0.5862981349270129,9.544802020539487
10002727,Customer_72,KIT0000209,manufacturer_66,"K16 - TURBO CHARGER",0,A020000001,0,0,10,0,0,10,0,5,0,5,10,28,13,15,5,2,0,0,0,10,3,5,4,2,5,0,0,5,5,3,3,0,0,148,-0.745945280823285,7.196684343527209
10002727,Customer_72,KIT0000534,manufacturer_66,"K16 TML - TURBO CHARGER",0,A020000001,5,12,10,0,0,0,0,0,0,0,0,0,0,0,0,0,0,0,0,0,0,0,0,0,0,0,0,0,0,0,0,0,0,27,-0.8112064451930449,4.2260913506855085
10002727,Customer_72,KIT0000884,manufacturer_66,"K27 - D72 - TURBO CHARGER",0,A020000001,50,40,25,22,17,11,15,50,15,0,16,38,50,65,64,40,20,15,45,37,10,33,60,67,62,55,47,51,69,54,32,0,0,1175,-0.19203440637912467,11.947957261188558
10002727,Customer_72,KIT0000962,manufacturer_2,BS6-150HP-TC,0,A020000001,40,5,15,0,0,3,17,33,26,15,33,21,28,8,10,6,0,0,0,0,0,0,0,0,0,0,0,0,0,0,0,0,0,260,-0.6855382526463172,8.355632387177995
10002727,Customer_72,KIT0001094,manufacturer_2,"320 HP (427029022189)",0,A020000001,0,0,0,0,0,0,0,0,0,0,0,0,0,0,0,0,0,0,0,0,3,4,6,0,0,0,0,0,0,0,0,0,0,13,-0.8187573237151659,3.181010852026277
10006707,Customer_73,KIT0001006,manufacturer_65,"Turbo charger(5L Ultra 24V 41552902-1469)","Engine Parts",A020000001,0,0,0,0,5,5,24,25,25,15,5,8,20,15,20,10,32,20,10,25,12,0,0,6,0,5,8,5,30,0,5,0,0,335,-0.6450871177063834,8.907741143300903
10006707,Customer_73,KIT0001007,manufacturer_65,"Turbo charger(5L Cluster 24V 41552902-1482)","Engine Parts",A020000001,0,0,0,0,5,40,30,45,30,7,0,0,0,20,20,55,65,60,0,0,0,0,0,0,40,65,55,65,15,51,5,0,0,673,-0.46278733624374835,10.532318283973837
10002713,Customer_74,KIT0000268,manufacturer_67,-,-,A020000001,29,27,43,38,26,65,45,15,42,50,18,44,40,40,34,40,20,28,11,10,36,30,20,10,50,40,30,10,10,0,0,0,0,901,-0.33981588602634955,11.259846893721882
10002713,Customer_74,KIT0001062,manufacturer_67,-,-,A020000001,0,0,0,0,0,0,0,0,0,0,40,96,160,60,190,80,90,110,70,30,70,40,50,40,90,80,60,10,20,0,0,0,0,1386,-0.07823188008144422,12.388875623748717
10002795,Customer_75,KIT0001000,manufacturer_67,-,-,A020000001,100,77.5,73.75,75,121.25,100,125,115,137.5,132.5,147.5,150,177.5,162.5,198.75,200,243.75,292.5,197.5,272.5,230,220,150,130,200,192.5,190,130,90,0,0,0,0,5311,2.0387108484417586,16.373844680517728
10008761,Customer_76,KIT0000878,manufacturer_68,Dk50036/DK50041,"Body Parts",A020000001,13,8,29,15,27,17,20,20,26,6,23,10,15,22,14,35,21,16,33,28,14,26,17,21,20,21,0,0,0,0,0,0,0,41,-0.803655566670924,4.885186777329609
10008761,Customer_76,KIT0000879,manufacturer_68,DK50037,"Body Parts",A020000001,22,16,25,16,25,23,21,31,14,17,27,11,5,2,34,10,32,20,35,28,29,23,16,24,30,22,0,0,0,0,0,0,0,52,-0.7977227335464003,5.280231820308843
10008761,Customer_76,KIT0000880,manufacturer_68,DA20789,"Body Parts",A020000001,33,30,47,33,48,45,41,28,55,25,39,27,13,46,40,47,54,45,62,45,36,43,26,54,51,33,0,0,0,0,0,0,0,84,-0.7804635826386952,6.12232382892996
10008761,Customer_76,KIT0000885,manufacturer_57,DD-EE0078,"Body Parts",A020000001,53,40,55,70,86,69,63,96,97,101,100,74,108,101,85,104,121,98,114,111,98,92,129,116,90,130,107,104,84,82,88,85,96,866,-0.358693082331652,11.159317001436229
10008761,Customer_76,KIT0000886,manufacturer_57,DD-EK0066,"Body Parts",A020000001,25,22,34,21,44,29,37,40,30,27,47,30,50,36,38,33,45,36,45,48,28,34,49,51,47,55,41,40,31,41,36,43,40,374,-0.6240525275376178,9.15381386787657
10008761,Customer_76,KIT0000887,manufacturer_57,DD-EA0027,"Body Parts",A020000001,40,30,20,20,44,22,26,56,60,40,34,80,78,57,60,79,78,69,87,75,60,50,62,47,53,51,63,49,32,77,53,51,53,482,-0.5658028932241131,9.735279315391162
10008761,Customer_76,KIT0000888,manufacturer_57,DD-EA0035,"Body Parts",A020000001,33,20,44,35,49,51,53,62,39,53,57,50,50,63,51,52,62,60,57,39,66,65,68,67,56,71,63,74,51,46,34,71,56,522,-0.5442289545894817,9.922293418305049
10008761,Customer_76,KIT0001025,manufacturer_69,"RHS Mount - DS-EA0158-000/LHS Mount - DS-EA0173-000","Body Parts",A020000001,57,19,70,48,75,54,76,72,78,29,71,78,89,60,56,98,81,93,88,57,82,98,117,118,124,54,88,87,135,130,116,102,81,917,-0.331186310572497,11.30468663260606
10008761,Customer_76,KIT0001026,manufacturer_69,"Manual Transit Mount - DS-EA0138-000/Automatic transit - DS-EA0132-000","Body Parts",A020000001,49,1,15,18,40,30,30,21,23,11,30,33,31,27,21,30,36,34,30,34,23,36,29,24,36,12,18,7,37,26,16,25,21,198,-0.7189778575299958,7.783763151997019
